id,conversation_id,created_at,date,time,timezone,user_id,username,name,place,tweet,language,mentions,urls,photos,replies_count,retweets_count,likes_count,hashtags,cashtags,link,retweet,quote_url,video,thumbnail,near,geo,source,user_rt_id,user_rt,retweet_id,reply_to,retweet_date,translate,trans_src,trans_dest
1470043730782875651,1470043730782875651,2021-12-12 23:51:52 대한민국 표준시,2021-12-12,23:51:52,+0900,1413319417849552896,kim_bab_16,쿠죠 김뱁,,"짬뽕라면은 그 이연복 쉐프님 그려져있는 팔도 불짬뽕 제일 좋아했는데 단종돼서 슬픔,, 왕짬뽕으로 리뉴얼 됐다는데 불짬뽕 때 맛이랑 다를까봐ㅜ 그치만 궁금하니까 일단 시켜봐야지",ko,[],[],[],0,0,1,[],[],https://twitter.com/kim_bab_16/status/1470043730782875651,False,,0,,,,,,,,[],,,,
1400057692673110017,1400057692673110017,2021-06-02 20:52:20 대한민국 표준시,2021-06-02,20:52:20,+0900,1247539127098068997,babo_public,은²,,전반적으로 맛은 있습니다 고기짬뽕이라 단맛이나 비린맛도 없이 깔끔하고 맛있는데  순간순간 진라면의 맛이 올라옴 면을 먹는순간은 정말 짬뽕이라 생각 안들고 국물만 마시는 순간에도 짬뽀오오오오으힣사실라면 이럼  오늘따라 팔도불짬뽕이 더 그립네요,ko,[],[],[],1,1,2,[],[],https://twitter.com/Babo_Public/status/1400057692673110017,False,https://twitter.com/Babo_Public/status/1400042074045509632,0,,,,,,,,[],,,,
1389542815407874050,1389541490192420871,2021-05-04 20:29:58 대한민국 표준시,2021-05-04,20:29:58,+0900,1150714213595172864,sky_3500x,SKY,,@Honeypie_rhythm 팔도 불짬뽕,ko,[],[],[],1,0,1,[],[],https://twitter.com/sky_3500x/status/1389542815407874050,False,,0,,,,,,,,"[{'screen_name': 'Honeypie_rhythm', 'name': '허파', 'id': '1325779656465805319'}]",,,,
1367130246835621891,1367130246835621891,2021-03-04 00:10:25 대한민국 표준시,2021-03-04,00:10:25,+0900,861537495984492545,tjsh99,치릇,,오늘의 음MAD 소재 잡상식: 둘이 같은 성우다 (좌: 오르페우스/우: 팔도 불짬뽕 광고 나레이션)  https://t.co/f5ZdMaKncI,ko,[],[],"['https://pbs.twimg.com/media/EvkFtk7VIAcZHTP.jpg', 'https://pbs.twimg.com/media/EvkFttxVgAE1E3N.jpg']",1,2,12,[],[],https://twitter.com/tjsh99/status/1367130246835621891,False,,1,https://pbs.twimg.com/media/EvkFtk7VIAcZHTP.jpg,,,,,,,[],,,,
1352473738701201408,1352473738701201408,2021-01-22 13:30:41 대한민국 표준시,2021-01-22,13:30:41,+0900,399421165,dailydonggun,동근,,팔도 불짬뽕(brave)  https://t.co/7lUZRoFCfP,ko,[],[],['https://pbs.twimg.com/media/EsTzsp2UUAAesv0.jpg'],0,0,0,[],[],https://twitter.com/dailydonggun/status/1352473738701201408,False,,1,https://pbs.twimg.com/media/EsTzsp2UUAAesv0.jpg,,,,,,,[],,,,
1300033151738150913,1300033151738150913,2020-08-30 20:30:31 대한민국 표준시,2020-08-30,20:30:31,+0900,1247539127098068997,babo_public,은²,,#탐라에서_비슷한_트친_찾기 MBTI : INTP 생일 : 1126 별자리 : 사수자리 혈액형 : A 키 : 174 잠잘 때 자세 : 걍 잠 좋아하는 색 : 블랙 최애 라면 : 팔도 불짬뽕 (단종),ko,[],[],[],0,0,0,['탐라에서_비슷한_트친_찾기'],[],https://twitter.com/Babo_Public/status/1300033151738150913,False,,0,,,,,,,,[],,,,
1272192853628710913,1272192853628710913,2020-06-15 00:43:07 대한민국 표준시,2020-06-15,00:43:07,+0900,1253568078606069760,gwangsunny,🌕🌕🌙🌕🌕,,"#탐라에서_비슷한_트친_찾기 MBTI: INFP 생일: 1001 별자리 : 천칭자리 혈액형: B 형제자매: 형 최애: 아이유 배수지 강슬기 아리아나 헤일리 좋아하는 색: 무채색 파란색 최애 라면: 짜파게티, 신라면, 팔도불짬뽕 잠잘 때 자세: 3, 7, 10, 14  https://t.co/FMchgzbMnp",ko,[],[],['https://pbs.twimg.com/media/Eae8qHUVcAADCMl.jpg'],1,0,0,['탐라에서_비슷한_트친_찾기'],[],https://twitter.com/gwangsunny/status/1272192853628710913,False,,1,https://pbs.twimg.com/media/Eae8qHUVcAADCMl.jpg,,,,,,,[],,,,
1272177198535831552,1272177198535831552,2020-06-14 23:40:54 대한민국 표준시,2020-06-14,23:40:54,+0900,1247539127098068997,babo_public,은²,,#탐라에서_비슷한_트친_찾기 MBTI: INTP 생일: 11월 26일 별자리: 사수자리 혈액형: A 키: 174 형제자매: 1녀 1논바 중 1논바 잠잘때 자세: 아무자세 챌린지 최애: 연 좋아하는 색: 블랙 최애 라면: 팔도 불짬뽕 (사라짐,ko,[],[],[],3,1,2,['탐라에서_비슷한_트친_찾기'],[],https://twitter.com/Babo_Public/status/1272177198535831552,False,,0,,,,,,,,[],,,,
1261996520036904965,1261995373029015552,2020-05-17 21:26:31 대한민국 표준시,2020-05-17,21:26:31,+0900,220371438,s_leopenguins,중쇄토끼,,@S_ka_ting 틈새라면(근데 너프많이 당해서 글케맵진않음 매운 너구리(RtA) 꽤 매콤 너구리 통통면 좋아하면 좋아할듯 팔도불짬뽕(짬뽕정도 살짝 기름진맛 있음 신라면건면(맵기는 신라면정돈데 깔끔해서 상대적으로 시원한 느낌,ko,[],[],[],0,0,0,[],[],https://twitter.com/S_Leopenguins/status/1261996520036904965,False,,0,,,,,,,,[],,,,
1252176691947909122,1252173845437444097,2020-04-20 19:06:02 대한민국 표준시,2020-04-20,19:06:02,+0900,712689813724344320,riana0329,상태군,,속초홍게 도시락 왕뚜껑 꼬꼬면 팔도 비빔면 일품짜장 불짬뽕 장르별 최애라면이 거의 팔도인 것,ko,[],[],[],1,0,0,[],[],https://twitter.com/riana0329/status/1252176691947909122,False,,0,,,,,,,,[],,,,
1244440539010752513,1244440539010752513,2020-03-30 10:45:19 대한민국 표준시,2020-03-30,10:45:19,+0900,1300281109,shk_eolus,에오루스⛩🍅,,쿠지라이식 ver.에오루스 보통은 저기서 오리고기가 없고 라면은 팔도불짬뽕  https://t.co/tCuJQZhzKw,ko,[],[],['https://pbs.twimg.com/media/EUUkDtGU4AIieNO.jpg'],0,2,6,[],[],https://twitter.com/SHK_eolus/status/1244440539010752513,False,,1,https://pbs.twimg.com/media/EUUkDtGU4AIieNO.jpg,,,,,,,[],,,,
1197319111228809216,1197313861994434560,2019-11-21 10:01:35 대한민국 표준시,2019-11-21,10:01:35,+0900,1180179145470312448,05141000926mx_,꽃구름구름,,@kkumi_mx 팔도 불짬뽕이용! 이거 진짜 좋아했는데,ko,[],[],[],0,0,0,[],[],https://twitter.com/05141000926MX_/status/1197319111228809216,False,,0,,,,,,,,[],,,,
1184059962357534721,1184057183924707328,2019-10-15 19:54:28 대한민국 표준시,2019-10-15,19:54:28,+0900,743697690,tamatia_,포켓몬가오레,,@riunamo 전 뭐 어디 진짬뽕 팔도불짬뽕 볶음진짬뽕 오징어짬뽕 갖다 다 섞은 느낌임,ko,[],[],[],1,0,0,[],[],https://twitter.com/tamatia_/status/1184059962357534721,False,,0,,,,,,,,"[{'screen_name': 'riunamo', 'name': '리어나모', 'id': '4920995089'}]",,,,
1137858156699299840,1137858156699299840,2019-06-10 08:04:59 대한민국 표준시,2019-06-10,08:04:59,+0900,31344857,club_cure,ClubCure,,팔도 불짬뽕면 칭찬함,ko,[],[],[],0,0,0,[],[],https://twitter.com/club_cure/status/1137858156699299840,False,,0,,,,,,,,[],,,,
1123787368765562882,1123787368765562882,2019-05-02 12:12:42 대한민국 표준시,2019-05-02,12:12:42,+0900,149550301,sh700401,페이,,팔도 불짬뽕 언제 왕짬뽕으로 바뀐거야... 어쩐지 마트마다 없다더라...,ko,[],[],[],0,0,0,[],[],https://twitter.com/SH700401/status/1123787368765562882,False,,0,,,,,,,,[],,,,
1114894854939598848,1114892946313072641,2019-04-07 23:17:01 대한민국 표준시,2019-04-07,23:17:01,+0900,2494251332,kk6378361,야나기 히로오카🇯🇵,,"대망의 10레벨 10.0 남자라면/불닭까르보 10.1 치즈불닭 10.2 앵그리꼬꼬면 (단종) 10.3 불닭볶음면 짜장 10.4 갓짬뽕/팔도불짬뽕 10.5 커리불닭볶음면 10.6 불닭볶음면 기본, 불낙볶음면 (단종) 10.7 쿨불닭/괄도네넴띤(?) 10.8 마라불닭/틈새라면 10.9 ""뭔지는 설명 안하셔도 다 아시죠?!""",ko,[],[],[],1,0,0,[],[],https://twitter.com/kk6378361/status/1114894854939598848,False,,0,,,,,,,,[],,,,
1090281472303321089,1090135162082385921,2019-01-30 01:12:14 대한민국 표준시,2019-01-30,01:12:14,+0900,1051009718947180544,___shili,쉬리,,좋아하는 라면  까르보불닭 진라면 짜파게티 짜짜로니 팔도 불짬뽕 해물라면,ko,[],[],[],0,0,0,[],[],https://twitter.com/___SHILI/status/1090281472303321089,False,,0,,,,,,,,[],,,,
1082551165064101888,1082551165064101888,2019-01-08 17:14:45 대한민국 표준시,2019-01-08,17:14:45,+0900,789507732,yeopcom,아무것도 못하는 yeopcom,,오늘은...쟁여둔 팔도 불짬뽕을 끓이면서 동영상 촬영해봤음.  동영상은 편집좀 하고 며칠 뒤 봐서 공개할 생각.  https://t.co/xdPZGnQZss,ko,[],[],"['https://pbs.twimg.com/media/DwX-hp0UcAASj5Z.jpg', 'https://pbs.twimg.com/media/DwX-idNU0AAngZl.jpg']",0,0,0,[],[],https://twitter.com/yeopcom/status/1082551165064101888,False,,1,https://pbs.twimg.com/media/DwX-hp0UcAASj5Z.jpg,,,,,,,[],,,,
1076808734913945600,1076740595433885698,2018-12-23 20:56:23 대한민국 표준시,2018-12-23,20:56:23,+0900,2428502964,24_loup,Loup,,51. 팔도 불짬뽕 / 안성탕면,ko,[],[],[],1,0,0,[],[],https://twitter.com/24_loup/status/1076808734913945600,False,,0,,,,,,,,[],,,,
1061148059558506497,1061148059558506497,2018-11-10 15:46:27 대한민국 표준시,2018-11-10,15:46:27,+0900,546081494,bongc12,재조산하! (smd),,라면은 오뚜기 진라면 오동통 위주로만 가끔은 스넥면 가격도 가격이지만 그만큼 가치?있는 제품을 소비해야 더 좋아지니까  네트워크 세상이라 한때 신라면 이후 팔도 불짬뽕만 먹었는데 2년반전 부터 싹다 바꿨다,ko,[],[],[],1,0,0,[],[],https://twitter.com/bongc12/status/1061148059558506497,False,,0,,,,,,,,[],,,,
1470043730782875651,1470043730782875651,2021-12-12 23:51:52 대한민국 표준시,2021-12-12,23:51:52,+0900,1413319417849552896,kim_bab_16,쿠죠 김뱁,,"짬뽕라면은 그 이연복 쉐프님 그려져있는 팔도 불짬뽕 제일 좋아했는데 단종돼서 슬픔,, 왕짬뽕으로 리뉴얼 됐다는데 불짬뽕 때 맛이랑 다를까봐ㅜ 그치만 궁금하니까 일단 시켜봐야지",ko,[],[],[],0,0,1,[],[],https://twitter.com/kim_bab_16/status/1470043730782875651,False,,0,,,,,,,,[],,,,
1375742318012026883,1375742318012026883,2021-03-27 18:31:43 대한민국 표준시,2021-03-27,18:31:43,+0900,1247539127098068997,babo_public,은²,,뭐지 팔도불짬뽕이 지옥에서 돌아왔나,ko,[],[],[],1,0,0,[],[],https://twitter.com/Babo_Public/status/1375742318012026883,False,,0,,,,,,,,[],,,,
1367130246835621891,1367130246835621891,2021-03-04 00:10:25 대한민국 표준시,2021-03-04,00:10:25,+0900,861537495984492545,tjsh99,치릇,,오늘의 음MAD 소재 잡상식: 둘이 같은 성우다 (좌: 오르페우스/우: 팔도 불짬뽕 광고 나레이션)  https://t.co/f5ZdMaKncI,ko,[],[],"['https://pbs.twimg.com/media/EvkFtk7VIAcZHTP.jpg', 'https://pbs.twimg.com/media/EvkFttxVgAE1E3N.jpg']",1,2,12,[],[],https://twitter.com/tjsh99/status/1367130246835621891,False,,1,https://pbs.twimg.com/media/EvkFtk7VIAcZHTP.jpg,,,,,,,[],,,,
1356143347212054529,1356143347212054529,2021-02-01 16:32:24 대한민국 표준시,2021-02-01,16:32:24,+0900,764498582883987457,mizar_gg,말하는 포포토,,팔도 불짬뽕 왜 리뉴얼한거냐.. 그것도 다운그레이드로 불짬뽕님 보고싶습니다,ko,[],[],[],0,0,1,[],[],https://twitter.com/MIZAR_gg/status/1356143347212054529,False,,0,,,,,,,,[],,,,
1352473738701201408,1352473738701201408,2021-01-22 13:30:41 대한민국 표준시,2021-01-22,13:30:41,+0900,399421165,dailydonggun,동근,,팔도 불짬뽕(brave)  https://t.co/7lUZRoFCfP,ko,[],[],['https://pbs.twimg.com/media/EsTzsp2UUAAesv0.jpg'],0,0,0,[],[],https://twitter.com/dailydonggun/status/1352473738701201408,False,,1,https://pbs.twimg.com/media/EsTzsp2UUAAesv0.jpg,,,,,,,[],,,,
1304235788066934785,1304235788066934785,2020-09-11 10:50:18 대한민국 표준시,2020-09-11,10:50:18,+0900,1185126649,prechello,프레첼로,,팔도 불짬뽕라면 맛있었는데 팔고잇나,ko,[],[],[],0,0,0,[],[],https://twitter.com/Prechello/status/1304235788066934785,False,,0,,,,,,,,[],,,,
1300033151738150913,1300033151738150913,2020-08-30 20:30:31 대한민국 표준시,2020-08-30,20:30:31,+0900,1247539127098068997,babo_public,은²,,#탐라에서_비슷한_트친_찾기 MBTI : INTP 생일 : 1126 별자리 : 사수자리 혈액형 : A 키 : 174 잠잘 때 자세 : 걍 잠 좋아하는 색 : 블랙 최애 라면 : 팔도 불짬뽕 (단종),ko,[],[],[],0,0,0,['탐라에서_비슷한_트친_찾기'],[],https://twitter.com/Babo_Public/status/1300033151738150913,False,,0,,,,,,,,[],,,,
1288033588085063680,1288033588085063680,2020-07-28 17:48:32 대한민국 표준시,2020-07-28,17:48:32,+0900,2942061733,_mh_pick,삼월토끼님 머먹어요??,,7월 28일 점심  남은 피자  7월 28일 저녁  팔도불짬뽕  https://t.co/SNfC9Nxk0B,ko,[],[],['https://pbs.twimg.com/media/EeADtYGVAAAPSXc.jpg'],1,0,0,[],[],https://twitter.com/_MH_PICK/status/1288033588085063680,False,,1,https://pbs.twimg.com/media/EeADtYGVAAAPSXc.jpg,,,,,,,[],,,,
1272192853628710913,1272192853628710913,2020-06-15 00:43:07 대한민국 표준시,2020-06-15,00:43:07,+0900,1253568078606069760,gwangsunny,🌕🌕🌙🌕🌕,,"#탐라에서_비슷한_트친_찾기 MBTI: INFP 생일: 1001 별자리 : 천칭자리 혈액형: B 형제자매: 형 최애: 아이유 배수지 강슬기 아리아나 헤일리 좋아하는 색: 무채색 파란색 최애 라면: 짜파게티, 신라면, 팔도불짬뽕 잠잘 때 자세: 3, 7, 10, 14  https://t.co/FMchgzbMnp",ko,[],[],['https://pbs.twimg.com/media/Eae8qHUVcAADCMl.jpg'],1,0,0,['탐라에서_비슷한_트친_찾기'],[],https://twitter.com/gwangsunny/status/1272192853628710913,False,,1,https://pbs.twimg.com/media/Eae8qHUVcAADCMl.jpg,,,,,,,[],,,,
1272177198535831552,1272177198535831552,2020-06-14 23:40:54 대한민국 표준시,2020-06-14,23:40:54,+0900,1247539127098068997,babo_public,은²,,#탐라에서_비슷한_트친_찾기 MBTI: INTP 생일: 11월 26일 별자리: 사수자리 혈액형: A 키: 174 형제자매: 1녀 1논바 중 1논바 잠잘때 자세: 아무자세 챌린지 최애: 연 좋아하는 색: 블랙 최애 라면: 팔도 불짬뽕 (사라짐,ko,[],[],[],3,1,2,['탐라에서_비슷한_트친_찾기'],[],https://twitter.com/Babo_Public/status/1272177198535831552,False,,0,,,,,,,,[],,,,
1251189848343408642,1250799673134075905,2020-04-18 01:44:40 대한민국 표준시,2020-04-18,01:44:40,+0900,1300281109,shk_eolus,에오루스⛩🍅,,볶음라면. 국물 있는 것도 없이 볶아먹는 편인데 요즘은 팔도불짬뽕을 주로 먹습니다 손 좀 쓰면 면 따로 삶고 이것저것 볶아서 넣어먹는거고 간단히 먹을땐 쿠지라이식으로 계란하나 넣어먹고,ko,[],[],[],0,0,0,[],[],https://twitter.com/SHK_eolus/status/1251189848343408642,False,,0,,,,,,,,[],,,,
1248449534121795584,1248365426574118913,2020-04-10 12:15:38 대한민국 표준시,2020-04-10,12:15:38,+0900,1243860989377986563,sae_woo_ssw,새우,,@TABERU96 팔도 불짬뽕이랑 맛짬뽕이요ㅋㅋㅋ,ko,[],[],[],0,0,0,[],[],https://twitter.com/Sae_woo_ssw/status/1248449534121795584,False,,0,,,,,,,,[],,,,
1244799694078758913,1244799694078758913,2020-03-31 10:32:28 대한민국 표준시,2020-03-31,10:32:28,+0900,109862626,so_insane,Tralfamadore,,그옛날 짬뽕대격돌 시대에 나는 팔도불짬뽕이 가장 맛있었는데 역사의 뒤안길로 사라져버려 슬프다..,ko,[],[],[],1,0,0,[],[],https://twitter.com/So_Insane/status/1244799694078758913,False,,0,,,,,,,,[],,,,
1244440539010752513,1244440539010752513,2020-03-30 10:45:19 대한민국 표준시,2020-03-30,10:45:19,+0900,1300281109,shk_eolus,에오루스⛩🍅,,쿠지라이식 ver.에오루스 보통은 저기서 오리고기가 없고 라면은 팔도불짬뽕  https://t.co/tCuJQZhzKw,ko,[],[],['https://pbs.twimg.com/media/EUUkDtGU4AIieNO.jpg'],0,2,6,[],[],https://twitter.com/SHK_eolus/status/1244440539010752513,False,,1,https://pbs.twimg.com/media/EUUkDtGU4AIieNO.jpg,,,,,,,[],,,,
1197319111228809216,1197313861994434560,2019-11-21 10:01:35 대한민국 표준시,2019-11-21,10:01:35,+0900,1180179145470312448,05141000926mx_,꽃구름구름,,@kkumi_mx 팔도 불짬뽕이용! 이거 진짜 좋아했는데,ko,[],[],[],0,0,0,[],[],https://twitter.com/05141000926MX_/status/1197319111228809216,False,,0,,,,,,,,[],,,,
1114894854939598848,1114892946313072641,2019-04-07 23:17:01 대한민국 표준시,2019-04-07,23:17:01,+0900,2494251332,kk6378361,야나기 히로오카🇯🇵,,"대망의 10레벨 10.0 남자라면/불닭까르보 10.1 치즈불닭 10.2 앵그리꼬꼬면 (단종) 10.3 불닭볶음면 짜장 10.4 갓짬뽕/팔도불짬뽕 10.5 커리불닭볶음면 10.6 불닭볶음면 기본, 불낙볶음면 (단종) 10.7 쿨불닭/괄도네넴띤(?) 10.8 마라불닭/틈새라면 10.9 ""뭔지는 설명 안하셔도 다 아시죠?!""",ko,[],[],[],1,0,0,[],[],https://twitter.com/kk6378361/status/1114894854939598848,False,,0,,,,,,,,[],,,,
1096746513231835137,1096746513231835137,2019-02-16 21:21:59 대한민국 표준시,2019-02-16,21:21:59,+0900,3292100061,guichan_ism,쁘락치올리고당,,팔도불짬뽕과 농심맛짬뽕 둘다 4개 5천원이길래 새로운 맛을 보기 위해 맛짬뽕을 샀고 나는 후회했다,ko,[],[],[],0,0,0,[],[],https://twitter.com/GUICHAN_ISM/status/1096746513231835137,False,,0,,,,,,,,[],,,,
1090281472303321089,1090135162082385921,2019-01-30 01:12:14 대한민국 표준시,2019-01-30,01:12:14,+0900,1051009718947180544,___shili,쉬리,,좋아하는 라면  까르보불닭 진라면 짜파게티 짜짜로니 팔도 불짬뽕 해물라면,ko,[],[],[],0,0,0,[],[],https://twitter.com/___SHILI/status/1090281472303321089,False,,0,,,,,,,,[],,,,
1064399064102404096,1064399064102404096,2018-11-19 15:04:47 대한민국 표준시,2018-11-19,15:04:47,+0900,192472063,keira5280,자루,,팔도불짬뽕 왜 안보이지 요즘...,ko,[],[],[],0,0,0,[],[],https://twitter.com/keira5280/status/1064399064102404096,False,,0,,,,,,,,[],,,,
1061148059558506497,1061148059558506497,2018-11-10 15:46:27 대한민국 표준시,2018-11-10,15:46:27,+0900,546081494,bongc12,재조산하! (smd),,라면은 오뚜기 진라면 오동통 위주로만 가끔은 스넥면 가격도 가격이지만 그만큼 가치?있는 제품을 소비해야 더 좋아지니까  네트워크 세상이라 한때 신라면 이후 팔도 불짬뽕만 먹었는데 2년반전 부터 싹다 바꿨다,ko,[],[],[],1,0,0,[],[],https://twitter.com/bongc12/status/1061148059558506497,False,,0,,,,,,,,[],,,,
974978008665661440,974978008665661440,2018-03-17 20:57:26 대한민국 표준시,2018-03-17,20:57:26,+0900,586184725,seoul_james_146,Seoul James (맞팔100%),,이연복 팔도 불짬뽕 솔직후기 영상 (제 평점은요..) (출처 : 키미 LIFE | 네이버TV)  https://t.co/gr9klP4Pwp,ko,[],['http://naver.me/x4tDvebM'],[],0,84,33,[],[],https://twitter.com/Seoul_James_146/status/974978008665661440,False,,0,,,,,,,,[],,,,
955613729172762624,955613729172762624,2018-01-23 10:30:42 대한민국 표준시,2018-01-23,10:30:42,+0900,403435198,hshh104,홍매직,,오늘은 팔도 불짬뽕을 먹어보겠어요,ko,[],[],[],0,0,0,[],[],https://twitter.com/hshh104/status/955613729172762624,False,,0,,,,,,,,[],,,,
954556141404545024,954556141404545024,2018-01-20 12:28:13 대한민국 표준시,2018-01-20,12:28:13,+0900,2917900639,a01032061399,이수현,,"[팔도] 불짬뽕 (139g *4입)\n\n판매가 : 3,700원 (41% 할인)\n\n안녕하세요 이상현입니다 2018년 01월 삼성알리바바 최저가로 판매하는 쇼핑물 오픈 하였습니다.회원이 되어주세요.감  https://t.co/OfJNqsyWAv",ko,[],['http://samsungalibaba.com/shop/item.php?it_id=1511166547'],[],0,0,0,[],[],https://twitter.com/a01032061399/status/954556141404545024,False,,0,,,,,,,,[],,,,
939569571748392960,939569410867527680,2017-12-10 03:56:56 대한민국 표준시,2017-12-10,03:56:56,+0900,436282915,guest_or_rebal,레발,,스낵면도 그리고 지금 끓이는건 팔도 불짬뽕,ko,[],[],[],0,0,0,[],[],https://twitter.com/GUEST_or_rebal/status/939569571748392960,False,,0,,,,,,,,[],,,,
930479586227363840,930479586227363840,2017-11-15 01:56:35 대한민국 표준시,2017-11-15,01:56:35,+0900,813490536,akdmathrwlstlf,감성팔이 소녀,,*열심히 연기하신 배우들을 위해 별 0.5개를 바칩니다*  내가 얼마전에 팔도불짬뽕이라는 라면을 먹게 됐는... &lt;경성학교: 사라진 소녀들&gt; #왓챠  https://t.co/lzRHu3IrRz,ko,[],['http://watcha.net/movies/mid377?unique_id=mid377'],[],0,0,0,['왓챠'],[],https://twitter.com/akdmathrwlstlf/status/930479586227363840,False,,0,,,,,,,,[],,,,
901610235583840256,901610235583840256,2017-08-27 10:00:05 대한민국 표준시,2017-08-27,10:00:05,+0900,581739183,paldotweet,팔도,,일요일에 배고플 땐 참치 말고 짬뽕 한 젓갈  팔도 불짬뽕 레시피 보러 가기  https://t.co/perR2hy5mU  #참을수_없는_배고픔 #참치_말아요 #팔도_참치_불짬뽕,ko,[],['http://bit.ly/2irqP2y'],[],0,0,0,"['참을수_없는_배고픔', '참치_말아요', '팔도_참치_불짬뽕']",[],https://twitter.com/paldotweet/status/901610235583840256,False,,0,,,,,,,,[],,,,
901247836678897664,901247836678897664,2017-08-26 10:00:03 대한민국 표준시,2017-08-26,10:00:03,+0900,581739183,paldotweet,팔도,,주말을 즐겁게 불태우는 떡볶이  팔도 불짬뽕 오일 떡볶이 레시피 보러 가기  https://t.co/6vy1UlHeE4  #떡볶이에_불만있냐 #불만은_없고  #불맛_있어요 #팔도_불짬뽕,ko,[],['http://bit.ly/2wqDyZ7'],[],0,0,0,"['떡볶이에_불만있냐', '불만은_없고', '불맛_있어요', '팔도_불짬뽕']",[],https://twitter.com/paldotweet/status/901247836678897664,False,,0,,,,,,,,[],,,,
876243075445563393,876243075445563393,2017-06-18 10:00:03 대한민국 표준시,2017-06-18,10:00:03,+0900,581739183,paldotweet,팔도,,"짬뽕은 땡기는 데, 더위 때문에 국물이 부담스럽다면? 언제나 답은 팔도에 있다! 팔도 볶음 불짬뽕!  팔도 볶음 불짬뽕 레시피 보러 가기  https://t.co/rfseLuZ6l6  #국물은_없어도...  https://t.co/I8Y1XdJeDP",ko,[],"['http://bit.ly/2rxUdbO', 'http://fb.me/29tZJ6tBk']",[],0,0,0,['국물은_없어도'],[],https://twitter.com/paldotweet/status/876243075445563393,False,,0,,,,,,,,[],,,,
873985001838190592,873985001838190592,2017-06-12 04:27:16 대한민국 표준시,2017-06-12,04:27:16,+0900,173804258,truelymelodyy,감기,,왠지 좀 매운걸 먹고싶어서 팔도불짬뽕을 먹어봤다 근데 생각보다 전혀 안맵고 맛있어서 괜찮다고 생각했는데 내 장은 동의하지않았다,ko,[],[],[],0,0,0,[],[],https://twitter.com/truelymelodyy/status/873985001838190592,False,,0,,,,,,,,[],,,,
873799934343995393,873799820485447681,2017-06-11 16:11:53 대한민국 표준시,2017-06-11,16:11:53,+0900,399421165,dailydonggun,동근,,팔도)불짬뽕 (brave),ko,[],[],[],1,0,0,[],[],https://twitter.com/dailydonggun/status/873799934343995393,False,,0,,,,,,,,[],,,,
866115639844286464,866114092741795840,2017-05-21 11:17:14 대한민국 표준시,2017-05-21,11:17:14,+0900,861617806143397888,ong_swoo0825,[계폭]옹!!!!!,,@ongongongg 아잌ㅋㅋㅋㅋㅋㅋㅋㅋㅋㅋㅋ그럼 저는 팔도 불짬뽕으로 사와주세요♡,ko,[],[],[],0,0,0,[],[],https://twitter.com/ong_swoo0825/status/866115639844286464,False,,0,,,,,,,,"[{'screen_name': 'ongongongg', 'name': '양도', 'id': '1483317088949202945'}]",,,,
865075983610662913,865075983610662913,2017-05-18 14:26:01 대한민국 표준시,2017-05-18,14:26:01,+0900,109883275,bryan_biehn,이규하,,"삼양 갓짬뽕·팔도 불짬뽕 나트륨 가장 높아…나가사키홍짬뽕, 콜레스테롤 함... (출처 : 포커스뉴스 | 네이버 뉴스검색)  https://t.co/DPcj6qkYfa",ko,[],['http://naver.me/xTYRGHI2'],[],0,0,0,[],[],https://twitter.com/Bryan_Biehn/status/865075983610662913,False,,0,,,,,,,,[],,,,
862663850910298113,862663850910298113,2017-05-11 22:41:04 대한민국 표준시,2017-05-11,22:41:04,+0900,807273664504680448,____kodari____,코다리강정,,근데 난 사실 팔도불짬뽕이 좋아요,ko,[],[],[],0,0,0,[],[],https://twitter.com/____Kodari____/status/862663850910298113,False,,0,,,,,,,,[],,,,
856266448871739392,856266448871739392,2017-04-24 07:00:04 대한민국 표준시,2017-04-24,07:00:04,+0900,581739183,paldotweet,팔도,,태초에 팔도 불짬뽕 볶음이 있었다.  #누가볶음? #내가볶음  #어떻게_먹어도_맛있음 #팔도불짬뽕  https://t.co/LLsmZDcSpD,ko,[],['http://fb.me/H6yVlqdm'],[],0,0,0,"['누가볶음', '내가볶음', '어떻게_먹어도_맛있음', '팔도불짬뽕']",[],https://twitter.com/paldotweet/status/856266448871739392,False,,0,,,,,,,,[],,,,
855239752051830784,855239752051830784,2017-04-21 11:00:21 대한민국 표준시,2017-04-21,11:00:21,+0900,114684815,danbix,단비스,,"명란 마요 주먹밥 &amp; 팔도 불짬뽕 왕컵, Gs25 편의점에서 먹어본 야외...  https://t.co/6b8HaWh3iN",ko,[],['http://youtu.be/TIJcnrrFTFo?a'],[],0,0,0,[],[],https://twitter.com/danbix/status/855239752051830784,False,,0,,,,,,,,[],,,,
854511558466121729,854511558466121729,2017-04-19 10:46:46 대한민국 표준시,2017-04-19,10:46:46,+0900,65025792,tontantin,Tontantin Yamamoto,,No.5998は韓国のパルド、プルチャンポン。ハングルで書くと팔도、불짬뽕となるらしい。プル（불）とは火のことで、パッケージの色からしても辛そうである。オレンジ色の扇型吹き出しに「진…  https://t.co/IwXHIJCmw6  https://t.co/sR9dyGkayy,ja,[],['http://www.i-ramen.net/blog/2017/04/19/no-5998-paldo-south-korea-bul-jjamppong/'],['https://pbs.twimg.com/media/C9vVu4EVoAI8_BW.jpg'],0,0,0,[],[],https://twitter.com/tontantin/status/854511558466121729,False,,1,https://pbs.twimg.com/media/C9vVu4EVoAI8_BW.jpg,,,,,,,[],,,,
854500316292628480,854500316292628480,2017-04-19 10:02:05 대한민국 표준시,2017-04-19,10:02:05,+0900,581739183,paldotweet,팔도,,제철 맞은 주꾸미에 팔도 불짬뽕을 더하면? 맛있는 거+맛있는 거 = 핵 맛있는 거 :)  #팔도 #불짬뽕 #주꾸미불짬뽕  https://t.co/UBdmVvUjRs,ko,[],['http://fb.me/12miP2ahT'],[],0,0,0,"['팔도', '불짬뽕', '주꾸미불짬뽕']",[],https://twitter.com/paldotweet/status/854500316292628480,False,,0,,,,,,,,[],,,,
843084407648923649,843083123403321345,2017-03-18 21:59:21 대한민국 표준시,2017-03-18,21:59:21,+0900,264124026,kenten_dreita,켄텐드레이타🎗😷,,@hi_so_a 별로 안매워!! 음...팔도불짬뽕 정도의 매움인듯,ko,[],[],[],1,0,0,[],[],https://twitter.com/kenten_dreita/status/843084407648923649,False,,0,,,,,,,,[],,,,
841206134371311616,841206134371311616,2017-03-13 17:35:45 대한민국 표준시,2017-03-13,17:35:45,+0900,811262422891700224,ddokui,도키🔥in헬,,팔도 불짬뽕 조리법 망했다..........,ko,[],[],[],0,0,0,[],[],https://twitter.com/DDOKui/status/841206134371311616,False,,0,,,,,,,,[],,,,
836626815611465731,836626815611465731,2017-03-01 02:19:11 대한민국 표준시,2017-03-01,02:19:11,+0900,143930134,coke_cloud,정운 Un Jeong,,요즘 팔도불짬뽕에 빠져있는데 얼마나 좋아하냐면 잘 준비 다 하고 누운 새벽 두시 십팔분에 라면을 끓이기 시작할 정도로 좋아한다,ko,[],[],[],0,0,2,[],[],https://twitter.com/coke_cloud/status/836626815611465731,False,,0,,,,,,,,[],,,,
834432653726216192,834432653726216192,2017-02-23 01:00:22 대한민국 표준시,2017-02-23,01:00:22,+0900,749140168267821056,delicious8692,Delicious각하,,"역시 새벽 야식 에는~""라면""이~""핵존맛""~ 이연복 사부의~ ""팔도 불짬뽕""    ♨뜨끈따끈~맛난~風味조은~바디감있는~ ""짬뽕""라면!~  ♡계란후라이를~ ♨튀기듯~…  https://t.co/NtgnRO0Y0N",ko,[],['https://www.instagram.com/p/BQ0d5vUghrC/'],[],0,0,0,[],[],https://twitter.com/Delicious8692/status/834432653726216192,False,,0,,,,,,,,[],,,,
834432490991386624,834432490991386624,2017-02-23 00:59:43 대한민국 표준시,2017-02-23,00:59:43,+0900,749140168267821056,delicious8692,Delicious각하,,"역시 새벽 야식 에는~""라면""이~""핵존맛""~ 이연복 사부의~ ""팔도 불짬뽕""    ♨뜨끈따끈~맛난~風味조은~바디감있는~ ""짬뽕""라면!~  ♡계란후라이를~ ♨튀기듯~…  https://t.co/2TkFF1cRhV",ko,[],['https://www.instagram.com/p/BQ0d1AEAJDR/'],[],0,0,0,[],[],https://twitter.com/Delicious8692/status/834432490991386624,False,,0,,,,,,,,[],,,,
834431193730936835,834431193730936835,2017-02-23 00:54:34 대한민국 표준시,2017-02-23,00:54:34,+0900,749140168267821056,delicious8692,Delicious각하,,"역시 새벽 야식 에는~""라면""이~""핵존맛""~ 이연복 사부의~ ""팔도 불짬뽕""    ♨뜨끈따끈~맛난~風味조은~바디감있는~ ""짬뽕""라면!~  일단!~기본적인~ 면을…  https://t.co/PJnaqKisvk",ko,[],['https://www.instagram.com/p/BQ0dPPKAgis/'],[],0,0,0,[],[],https://twitter.com/Delicious8692/status/834431193730936835,False,,0,,,,,,,,[],,,,
834430473036242945,834430473036242945,2017-02-23 00:51:42 대한민국 표준시,2017-02-23,00:51:42,+0900,749140168267821056,delicious8692,Delicious각하,,"역시 새벽 야식 에는~""라면""이~""핵존맛""~ 이연복 사부의~ ""팔도 불짬뽕""    ♨뜨끈따끈~맛난~風味조은~바디감있는~ ""짬뽕""라면!~  궁물과 함께~떠먹기 좋은~ 각하가…  https://t.co/FT0ABi0qwS",ko,[],['https://www.instagram.com/p/BQ0c6S6A3li/'],[],0,0,0,[],[],https://twitter.com/Delicious8692/status/834430473036242945,False,,0,,,,,,,,[],,,,
834429191676379136,834429191676379136,2017-02-23 00:46:36 대한민국 표준시,2017-02-23,00:46:36,+0900,749140168267821056,delicious8692,Delicious각하,,"역시 새벽 야식 에는~""라면""이~""핵존맛""~ 이연복 사부의~ ""팔도 불짬뽕""    ♨뜨끈따끈~꼬들쫄깃~맛난~ ""짬뽕""라면!~  바디감있는~…  https://t.co/0UigK7hA6j",ko,[],['https://www.instagram.com/p/BQ0cU_2Aqty/'],[],0,0,0,[],[],https://twitter.com/Delicious8692/status/834429191676379136,False,,0,,,,,,,,[],,,,
834428754025971712,834428754025971712,2017-02-23 00:44:52 대한민국 표준시,2017-02-23,00:44:52,+0900,749140168267821056,delicious8692,Delicious각하,,"역시 새벽 야식 에는~""라면""이~""핵존맛""~ 이연복 사부의~ ""팔도 불짬뽕""    ♨뜨끈따끈~꼬들쫄깃~맛난~ ""짬뽕""라면!~  바디감있는~…  https://t.co/6l21DgiMYm",ko,[],['https://www.instagram.com/p/BQ0cIPoAZ0G/'],[],0,0,0,[],[],https://twitter.com/Delicious8692/status/834428754025971712,False,,0,,,,,,,,[],,,,
834427503968186368,834427503968186368,2017-02-23 00:39:54 대한민국 표준시,2017-02-23,00:39:54,+0900,749140168267821056,delicious8692,Delicious각하,,"역시 새벽 야식 에는~""라면""이~""핵존맛""~ 이연복 사부의~ ""팔도 불짬뽕""    ♨뜨끈따끈~꼬들쫄깃~맛난~ ""짬뽕""라면에는~김치보다~ ""다꽝""이~핵존맛!!~(￣∀￣)…  https://t.co/qp8Ob9vVEr",ko,[],['https://www.instagram.com/p/BQ0bjz2giE-/'],[],0,0,0,[],[],https://twitter.com/Delicious8692/status/834427503968186368,False,,0,,,,,,,,[],,,,
834426990404968448,834426990404968448,2017-02-23 00:37:52 대한민국 표준시,2017-02-23,00:37:52,+0900,749140168267821056,delicious8692,Delicious각하,,"역시 새벽 야식 에는~""라면""이~""핵존맛""~ 이연복 사부의~ ""팔도 불짬뽕""    맨""마지막""에!~""향미유""를 넣어~불맛과불향이!~폴!~Paul!~…  https://t.co/u5TZbtb2jY",ko,[],['https://www.instagram.com/p/BQ0bU7Kgb4g/'],[],0,0,0,[],[],https://twitter.com/Delicious8692/status/834426990404968448,False,,0,,,,,,,,[],,,,
834425312981184512,834425312981184512,2017-02-23 00:31:12 대한민국 표준시,2017-02-23,00:31:12,+0900,749140168267821056,delicious8692,Delicious각하,,"[각하요리조리] 역시 새벽 야식 에는~""라면""이~""핵존맛""~ 이연복 사부의~ ""팔도 불짬뽕"" (1 ) [각하라면]   ♨뜨끈따끈~꼬들쫄깃~맛난~…  https://t.co/MEa6vlUrM5",ko,[],['https://www.instagram.com/p/BQ0akI6gLqI/'],[],0,0,0,[],[],https://twitter.com/Delicious8692/status/834425312981184512,False,,0,,,,,,,,[],,,,
829669417697026049,829600175513432064,2017-02-09 21:32:58 대한민국 표준시,2017-02-09,21:32:58,+0900,4676731476,kiwibird52,키위새,,@eAsoong_e 나지금 팔도불짬뽕찾으러 나가는중 가장 불맛이 세대.,ko,[],[],[],1,0,0,[],[],https://twitter.com/kiwibird52/status/829669417697026049,False,,0,,,,,,,,"[{'screen_name': 'eAsoong_e', 'name': '김에숭', 'id': '3003518714'}]",,,,
829619471174266880,829607330534690816,2017-02-09 18:14:30 대한민국 표준시,2017-02-09,18:14:30,+0900,57050660,bero21,짜근엄마다 내가,,"@aperitif89 팔도 불짬뽕도 괜찮아요,",ko,[],[],[],0,0,0,[],[],https://twitter.com/bero21/status/829619471174266880,False,,0,,,,,,,,"[{'screen_name': 'aperitif89', 'name': '중세인장 모드 아페리🍷', 'id': '1575099918'}]",,,,
829185037295771648,829185037295771648,2017-02-08 13:28:13 대한민국 표준시,2017-02-08,13:28:13,+0900,1642738958,cocogoatchoo,삼촌,,팔도불짬뽕과 짜파게티를 섞어봤는데 첫입은 존나 짰다만 음 먹을만한거같기도,ko,[],[],[],0,0,0,[],[],https://twitter.com/cocogoatchoo/status/829185037295771648,False,,0,,,,,,,,[],,,,
821225177321091072,821216715992285184,2017-01-17 14:18:34 대한민국 표준시,2017-01-17,14:18:34,+0900,586538262,paplpap,🎗파르페항항ꉂꉂ(ᵔᗜᵔ*),,7.라면 끓인다 히히 팔도불짬뽕 히히 팔도짜장면 8.사과폰 4 9.트친 여러분들 엄청매우 사랑해여 저랑 같이 트리비아와 스톰트루퍼를 파보아요 10. https://t.co/GXN92s4C32 11.음 글쎄 메이플스토리 헬레나랑 카스온라인2 캐리?,ko,[],['https://www.youtube.com/watch?v=bPQevv-RLeg'],[],0,0,0,[],[],https://twitter.com/PaplpaP/status/821225177321091072,False,,0,,,,,,,,[],,,,
815868337678913537,815868337678913537,2017-01-02 19:32:24 대한민국 표준시,2017-01-02,19:32:24,+0900,139302613,ljh970619,이루트(Route Lee),,동영상을 @YouTube 재생목록  https://t.co/beS7zUm84t 밴쯔ASMR 얼큰하고 맛있는 [팔도 탄탄면&amp;짜장면&amp;불짬뽕],ko,"[{'screen_name': 'youtube', 'name': 'youtube', 'id': '10228272'}]",['http://youtu.be/tS_Ua7Ignl8?a'],[],0,0,0,[],[],https://twitter.com/ljh970619/status/815868337678913537,False,,0,,,,,,,,[],,,,
809926232737542145,809926232737542145,2016-12-17 10:00:36 대한민국 표준시,2016-12-17,10:00:36,+0900,581739183,paldotweet,팔도,,여러분은 팔도 불짬뽕의 이글이글 빔을 맞았습니다. 이 사진을 저장해 추울때마다 꺼내보면 따뜻해 질 것입니다. #팔도 #불짬뽕  https://t.co/azuEXRHSH0,ko,[],['http://fb.me/1itZjNPUC'],[],0,0,0,"['팔도', '불짬뽕']",[],https://twitter.com/paldotweet/status/809926232737542145,False,,0,,,,,,,,[],,,,
808431250855915522,808431250855915522,2016-12-13 07:00:04 대한민국 표준시,2016-12-13,07:00:04,+0900,581739183,paldotweet,팔도,,계란 곁들인 고소한 불짬뽕 vs 깔끔하게 끓인 시원한 해물 불짬뽕 여러분의 선택은? #팔도 #불짬뽕 #투표ㄱㄱ,ko,[],[],[],0,0,0,"['팔도', '불짬뽕', '투표ㄱㄱ']",[],https://twitter.com/paldotweet/status/808431250855915522,False,,0,,,,,,,,[],,,,
808197863503228929,808197863503228929,2016-12-12 15:32:40 대한민국 표준시,2016-12-12,15:32:40,+0900,766770296,simbumgi0723,심범기,,@YouTube 동영상  https://t.co/Uq6UdpK4Y8 [이연복 팔도 불짬뽕 10봉지!!+밥!!!] 먹방 BJ야식이 muk bang에 좋아요,ko,[],['http://youtu.be/C6zRQenDlQ8?a'],[],0,0,0,[],[],https://twitter.com/simbumgi0723/status/808197863503228929,False,,0,,,,,,,,[],,,,
807546954695643136,807546954695643136,2016-12-10 20:26:12 대한민국 표준시,2016-12-10,20:26:12,+0900,108902649,ral_rara,🤔🤔🤔,,팔도 불짬뽕 제기한번...,ko,[],[],[],2,0,0,[],[],https://twitter.com/Ral_rara/status/807546954695643136,False,,0,,,,,,,,[],,,,
807490321089081344,807489863888945152,2016-12-10 16:41:09 대한민국 표준시,2016-12-10,16:41:09,+0900,1908781544,sek_1127,😇,,@akswhr999 팔도거ㅋㅋㅋㅋ 불짬뽕이랑 불짜장이었나 세트로 나온거 있음!!!,ko,[],[],[],1,0,0,[],[],https://twitter.com/sek_1127/status/807490321089081344,False,,0,,,,,,,,"[{'screen_name': 'akswhr999', 'name': '.', 'id': '4834336011'}]",,,,
805063369468289024,805063369468289024,2016-12-03 23:57:19 대한민국 표준시,2016-12-03,23:57:19,+0900,3300891563,bread_pup,디노의 빵아지,,미친 팔도 불짬뽕이 익잔아,ko,[],[],[],0,0,0,[],[],https://twitter.com/Bread_Pup/status/805063369468289024,False,,0,,,,,,,,[],,,,
804866359024697344,804866359024697344,2016-12-03 10:54:28 대한민국 표준시,2016-12-03,10:54:28,+0900,3017908776,coldbloodtiger,히야시토라🐯ヒヤシトラ🐅HiyasiTora,,팔도 기죽지 마라!! 짬뽕라면은 역시 불짬뽕아닙니까  https://t.co/cPW0kryDvK,ko,[],[],['https://pbs.twimg.com/media/Cyt1q81UkAAvWYq.jpg'],1,0,0,[],[],https://twitter.com/ColdBloodTiger/status/804866359024697344,False,,1,https://pbs.twimg.com/media/Cyt1q81UkAAvWYq.jpg,,,,,,,[],,,,
797093945704468480,797093027030257665,2016-11-12 00:09:40 대한민국 표준시,2016-11-12,00:09:40,+0900,4737988232,werde_,빤구🕊,,@mattyyttam_ 님 이제 팔도불짬뽕도 못먹음 ㅋㅋ,ko,[],[],[],0,0,0,[],[],https://twitter.com/Werde_/status/797093945704468480,False,,0,,,,,,,,[],,,,
795220536397705217,795091927909613568,2016-11-06 20:05:25 대한민국 표준시,2016-11-06,20:05:25,+0900,1255573064,chaiinanna,차이,,"@64bitfox 팔도 불짬뽕에 넣어드세요. 맛있어요. 단, 진짬뽕에 넣으면 맛없어요.",ko,[],[],[],1,1,1,[],[],https://twitter.com/chaiinanna/status/795220536397705217,False,,0,,,,,,,,"[{'screen_name': '64bitfox', 'name': '여우', 'id': '244330027'}]",,,,
790856046763921408,790856046763921408,2016-10-25 19:02:29 대한민국 표준시,2016-10-25,19:02:29,+0900,2976838694,marchthespring,✨삼월✨,,팔도 불짬뽕 하나도 안 불이고 맛업다,ko,[],[],[],0,0,0,[],[],https://twitter.com/marchthespring/status/790856046763921408,False,,0,,,,,,,,[],,,,
790089639247740928,790089639247740928,2016-10-23 16:17:03 대한민국 표준시,2016-10-23,16:17:03,+0900,470264629,l_walkorthink,웃는개,,팔도 불짬뽕 꼭 먹어봐야겠네 광고 존재감 확실하군,ko,[],[],[],0,0,0,[],[],https://twitter.com/L_walkorthink/status/790089639247740928,False,,0,,,,,,,,[],,,,
787522439089491969,787521566473015296,2016-10-16 14:15:55 대한민국 표준시,2016-10-16,14:15:55,+0900,783047599783682048,lily_garden99,호야귀여워,,@KKing_Eli 개인적으론 팔도불짬뽕 국물에다가 진짬뽕 면을 끓이는게 제일 맛있던...,ko,[],[],[],0,0,0,[],[],https://twitter.com/lily_garden99/status/787522439089491969,False,,0,,,,,,,,"[{'screen_name': 'KKing_Eli', 'name': '양말🌸', 'id': '759736307421556736'}]",,,,
786757393635942400,786757393635942400,2016-10-14 11:35:54 대한민국 표준시,2016-10-14,11:35:54,+0900,192746413,greenjandy,Jandy Kim (김잔디),,#팔도 #불짬뽕 🔥 어흥🔥🔥  https://t.co/IiJ1tTqJJn,ko,[],[],[],0,0,0,"['팔도', '불짬뽕']",[],https://twitter.com/greenjandy/status/786757393635942400,False,,1,https://pbs.twimg.com/ext_tw_video_thumb/786757342050197505/pu/img/C80QjhsXaEPgMuwW.jpg,,,,,,,[],,,,
785793259155038208,785793259155038208,2016-10-11 19:44:46 대한민국 표준시,2016-10-11,19:44:46,+0900,1014594127,love271004,Sunflower🌻,,팔도 불짬뽕 맛나다!!! 연복쌤 얼굴만 보고 샀는데 잘 샀네ㅋㅋㅋㅋㅋㅋㅋ,ko,[],[],[],0,0,0,[],[],https://twitter.com/love271004/status/785793259155038208,False,,0,,,,,,,,[],,,,
783251101571280896,783251101571280896,2016-10-04 19:23:09 대한민국 표준시,2016-10-04,19:23:09,+0900,108881910,deepp75,쉬엄쉬엄,,팔도 불짬뽕 이연복 셰프가 추천하는 방법으로 풍성하게 즐기기  https://t.co/hFRNM9bYVF,ko,[],['http://deepp.blog.me/220827894923'],[],0,0,0,[],[],https://twitter.com/deepp75/status/783251101571280896,False,,0,,,,,,,,[],,,,
782807280664256513,782807280664256513,2016-10-03 13:59:34 대한민국 표준시,2016-10-03,13:59:34,+0900,847303584,rusiaul9204,땅콩버터님의 노예,,팔도 이연복쉐프님 새로운 중화면요리 나왔다 ㅇㅁㅇ 탄탄면 쩐다네 ㅇㅁㅇ....짬뽕라면 중에서는 불짬뽕 젤 좋아하는데 탄탄면 기대된당  https://t.co/YCIJB2CVQl,ko,[],[],['https://pbs.twimg.com/media/Ct0XEVKVUAAvVk1.jpg'],0,0,0,[],[],https://twitter.com/rusiaul9204/status/782807280664256513,False,,1,https://pbs.twimg.com/media/Ct0XEVKVUAAvVk1.jpg,,,,,,,[],,,,
780977028732301314,780977028732301314,2016-09-28 12:46:48 대한민국 표준시,2016-09-28,12:46:48,+0900,581739183,paldotweet,팔도,,팔도 불짬뽕밥_ 불짬뽕에 밥 하나도 그냥 말고 싶지 않은 팔도의 PRO돋는 레시피!: 팔도_메신저_대화창의_흔한_대화내용.eattalk 원래 대화란 밥 먹었어? 밥 먹어. 조만간 밥 먹자~ 가 내...  https://t.co/PfiIrG6Qn7,ko,[],['http://bit.ly/2d5kIz9'],[],0,1,0,[],[],https://twitter.com/paldotweet/status/780977028732301314,False,,0,,,,,,,,[],,,,
779290422837321728,779290422837321728,2016-09-23 21:04:49 대한민국 표준시,2016-09-23,21:04:49,+0900,213597009,618116_kr,Dit,,이번엔 진짬뽕 말고 팔도 불짬뽕을 사왔는데 맛있긴 하다,ko,[],[],[],1,0,0,[],[],https://twitter.com/618116_kr/status/779290422837321728,False,,0,,,,,,,,[],,,,
777628300600549377,777628300600549377,2016-09-19 07:00:09 대한민국 표준시,2016-09-19,07:00:09,+0900,581739183,paldotweet,팔도,,냄비에 물이 많으면 #불짬뽕 을 하나 더 넣으면 된다 #팔도 #프로불짬뽕러  https://t.co/HHGsAhxHN5,ko,[],['http://fb.me/7Ql34jfUo'],[],0,0,0,"['불짬뽕', '팔도', '프로불짬뽕러']",[],https://twitter.com/paldotweet/status/777628300600549377,False,,0,,,,,,,,[],,,,
773364600204963841,773364600204963841,2016-09-07 12:37:43 대한민국 표준시,2016-09-07,12:37:43,+0900,700741025162113024,semper_sek,늘서은광💜,,팔도 불짬뽕 맛있어 여러분  좀 매운데 (많이 내가 원래 매운거못먹어  여러분은 딱일것같아 고소하고 맛있어 양도 좀 있는것같기도하고? 하여튼 먹어,ko,[],[],[],0,0,0,[],[],https://twitter.com/Semper_sek/status/773364600204963841,False,,0,,,,,,,,[],,,,
771358122334035968,771326794465054721,2016-09-01 23:44:42 대한민국 표준시,2016-09-01,23:44:42,+0900,1685101093,sinhoo851,신후🐍,,@sinhoo851 2. 면중 면은 라면. 요즘 꽂힌건 팔도 불짬뽕!,ko,[],[],[],1,0,0,[],[],https://twitter.com/sinhoo851/status/771358122334035968,False,,0,,,,,,,,"[{'screen_name': 'sinhoo851', 'name': '신후🐍', 'id': '1685101093'}]",,,,
765361656603877376,765361656603877376,2016-08-16 10:36:53 대한민국 표준시,2016-08-16,10:36:53,+0900,3157171002,as1010dfas12,따거,,불짬뽕 신라면 팔도비빔면 뭐먹ㅇㄹ가료?,ko,[],[],[],0,0,0,[],[],https://twitter.com/As1010dfAs12/status/765361656603877376,False,,0,,,,,,,,[],,,,
763996768207896576,763996768207896576,2016-08-12 16:13:18 대한민국 표준시,2016-08-12,16:13:18,+0900,581739183,paldotweet,팔도,,"자주 쓰는 만큼 더욱 청결하게! 조리도구 세척하는 방법: 안녕하세요, 불타는 금요일보다 불타버릴 것 같은 날씨에팔도 불짬뽕으로 불타오르고 싶은 팔도입니다.(본격 불 한 마디로 게슈탈트 현상 만들기...  https://t.co/8jYwxz5D2z",ko,[],['http://bit.ly/2bm4j6S'],[],0,0,0,[],[],https://twitter.com/paldotweet/status/763996768207896576,False,,0,,,,,,,,[],,,,
763713561801531393,763713561801531393,2016-08-11 21:27:56 대한민국 표준시,2016-08-11,21:27:56,+0900,200174567,hoonsungnamzila,리드머 훈성남우탱지라,,빈센트 반 고흐 가 즐겨찾던 그 맛 그대로. 밤 9시 30분의 팔도 불짬뽕 두 봉.  https://t.co/xJoSzxa4Cd,ko,[],[],['https://pbs.twimg.com/media/CplBbQwUIAEVF-A.jpg'],1,0,0,[],[],https://twitter.com/hoonsungnamzila/status/763713561801531393,False,,1,https://pbs.twimg.com/media/CplBbQwUIAEVF-A.jpg,,,,,,,[],,,,
763687592072142849,763687592072142849,2016-08-11 19:44:45 대한민국 표준시,2016-08-11,19:44:45,+0900,581739183,paldotweet,팔도,,팔도 가지 불짬뽕_ 팔도의 불타는 도전의식이 만들어낸 가지와 불짬뽕의 콜라보!: 요즘 새벽마다 응원의 열기로 잠 못 이루는 분들 많으시죠?오랫동안 준비해왔던 기량을 유감없이 발휘하는 선수들을 보니...  https://t.co/Mmz47DSYwg,ko,[],['http://bit.ly/2bj0Bw5'],[],0,0,0,[],[],https://twitter.com/paldotweet/status/763687592072142849,False,,0,,,,,,,,[],,,,
760849929736626176,760849929736626176,2016-08-03 23:48:53 대한민국 표준시,2016-08-03,23:48:53,+0900,4775960288,h3amn0r_,mano,,"저희 동네슈퍼엔 짬뽕이 세개가 있는데요 팔도불짬뽕 오뚜기진짬뽕 농심맛짬뽕 입니다 근데 팔도는 도저히 먹을 용기가 나지 않으네요,,, 매워죽는다든데,,,",ko,[],[],[],0,0,0,[],[],https://twitter.com/h3amn0r_/status/760849929736626176,False,,0,,,,,,,,[],,,,
760476888359837696,760476330819395584,2016-08-02 23:06:33 대한민국 표준시,2016-08-02,23:06:33,+0900,245182305,rokaf595,教善,,@DarkRiss @Wandava 팔도 불짬뽕이요.,ko,[],[],[],0,0,1,[],[],https://twitter.com/ROKAF595/status/760476888359837696,False,,0,,,,,,,,"[{'screen_name': 'DarkRiss', 'name': '다크리스', 'id': '43034096'}, {'screen_name': 'Wandava', 'name': 'M4A5G3E1N4T5A', 'id': '95424382'}]",,,,
758187661609754624,758187661609754624,2016-07-27 15:29:59 대한민국 표준시,2016-07-27,15:29:59,+0900,581739183,paldotweet,팔도,,팔도 숙주 듬뿍 짜장면_ 맛있게 먹는 것이 보양식! 햄 듬뿍 숙주 듬뿍 넣은 중복 레시피: 월요일에 뜨거운 불짬뽕을 시원한 집에서 먹는 사치를 부리겠다고팔도 해물삼선불짬뽕을 거하게 만들어 먹었잖아...  https://t.co/ohmgeiphq8,ko,[],['http://bit.ly/2agfbiy'],[],0,0,0,[],[],https://twitter.com/paldotweet/status/758187661609754624,False,,0,,,,,,,,[],,,,
753643278893932544,753643278893932544,2016-07-15 02:32:14 대한민국 표준시,2016-07-15,02:32:14,+0900,3169657516,trace_parend,DJ 투명,,팔도불짬뽕 진짜 맛있다 아까 먹었는데 또 먹고싶드,ko,[],[],[],0,0,0,[],[],https://twitter.com/trACE_parenD/status/753643278893932544,False,,0,,,,,,,,[],,,,
746912199763890176,746910413556682756,2016-06-26 12:45:20 대한민국 표준시,2016-06-26,12:45:20,+0900,318896767,berlioz44,(૭ ᐕ)૭ { 오즈냐앙! ),,@nuvunv 후후… 오즈냥은 게으르니까… 불짬뽕과 진짜장이랑 팔도짜장이랑 신라면이랑 육개장중ㅇ에 머가 제일 귀여울까…?!,ko,[],[],[],0,0,0,[],[],https://twitter.com/berlioz44/status/746912199763890176,False,,0,,,,,,,,"[{'screen_name': 'nuvunv', 'name': '어쩔티비', 'id': '1444649720987537410'}]",,,,
742608915263672320,742608915263672320,2016-06-14 15:45:37 대한민국 표준시,2016-06-14,15:45:37,+0900,581739183,paldotweet,팔도,,"팔도 두릅 불짬뽕_ 두릅의 향과 불맛을 모두 즐기는 환상적인 레시피!: 하이. 헬로우. 안녕하세요!화(火)요일을 맞이한 불꽃같은 존재, 팔도입니다 ♨♨♨ 오늘은 팔도가 노래 한 소절 부르면서 시작...  https://t.co/RAZyx85rcm",ko,[],['http://bit.ly/1ZNbm7S'],[],0,0,0,[],[],https://twitter.com/paldotweet/status/742608915263672320,False,,0,,,,,,,,[],,,,
738929454341181445,738929454341181445,2016-06-04 12:04:45 대한민국 표준시,2016-06-04,12:04:45,+0900,2917858549,bread_round,댕9리,,팔도불짬뽕 먹어본다...(공복... 엑소짬뽕도 사먹어봐야하눈데....근처에 이마트가 업서...  https://t.co/nUM4GjbVAU,ko,[],[],['https://pbs.twimg.com/media/CkE0ZrSVEAAOlKp.jpg'],0,0,0,[],[],https://twitter.com/bread_round/status/738929454341181445,False,,1,https://pbs.twimg.com/media/CkE0ZrSVEAAOlKp.jpg,,,,,,,[],,,,
737289756854222856,737289756854222856,2016-05-30 23:29:10 대한민국 표준시,2016-05-30,23:29:10,+0900,51810484,currydevil,Curried Gentleman,,팔도 불짬뽕. 면도 스프도 건더기도 진짬뽕에 비하면 맛이 없지만 동봉된 기름을 넣는 순간 맛좋은 짬뽕이 된다.,ko,[],[],[],0,0,0,[],[],https://twitter.com/currydevil/status/737289756854222856,False,,0,,,,,,,,[],,,,
735767671455645696,735767671455645696,2016-05-26 18:40:57 대한민국 표준시,2016-05-26,18:40:57,+0900,519200713,fnql2390,윤기,,팔도 불짬뽕 사왔당 밥이랑 같이 먹을것,ko,[],[],[],0,0,0,[],[],https://twitter.com/fnql2390/status/735767671455645696,False,,0,,,,,,,,[],,,,
735623698787512322,735623698787512322,2016-05-26 09:08:51 대한민국 표준시,2016-05-26,09:08:51,+0900,704714593252171776,leader_thelust,лидер⧗,,모두 팔도 불짬뽕을 먹자,ko,[],[],[],0,0,0,[],[],https://twitter.com/Leader_theLUST/status/735623698787512322,False,,0,,,,,,,,[],,,,
735306015881580544,735306015881580544,2016-05-25 12:06:30 대한민국 표준시,2016-05-25,12:06:30,+0900,581739183,paldotweet,팔도,,팔도 불짬뽕 왕컵과 편의점의 또다른 아이들_ 달달하고 칼칼하게 불짬뽕 왕컵 먹기: 여럿이 먹을 때도 잘 먹고 혼자 있을 때는 더 잘 먹어야 하는 법!1인용 식탁도 부족하지 않게 확실하게 먹는 것이...  https://t.co/ciWyDqjVlK,ko,[],['http://bit.ly/1OVmqPt'],[],0,0,0,[],[],https://twitter.com/paldotweet/status/735306015881580544,False,,0,,,,,,,,[],,,,
734422296085958656,734422296085958656,2016-05-23 01:34:54 대한민국 표준시,2016-05-23,01:34:54,+0900,487287335,newsewmoreo,붕어빵한입,,팔도 불짬뽕 노맛..,ko,[],[],[],1,0,0,[],[],https://twitter.com/newsewmoreo/status/734422296085958656,False,,0,,,,,,,,[],,,,
729656298065661952,729643675894964224,2016-05-09 21:56:32 대한민국 표준시,2016-05-09,21:56:32,+0900,722016350386855936,civil_osu,シビル,,"@osu_about 팔도 비빔면,팔도 불짬뽕,튀김우동,육개장 칼국수,삼양라면 있으시네... 츄릅",ko,[],[],[],0,0,0,[],[],https://twitter.com/Civil_Osu/status/729656298065661952,False,,0,,,,,,,,[],,,,
729181612429217793,729181612429217793,2016-05-08 14:30:18 대한민국 표준시,2016-05-08,14:30:18,+0900,721699461160951808,japanesefoodx,Japanese Food,,jinnie871: #불짬뽕 #팔도 #팔도불짬뽕 #짬뽕라면 #firenoodle #jjamppong #paldojjambbong #paldoramen #notspicy #notspicyenough #kore…  https://t.co/kUSJf66bg6,nl,[],[],['https://pbs.twimg.com/media/Ch6S0BlWEAAbAxc.jpg'],0,0,0,"['불짬뽕', '팔도', '팔도불짬뽕', '짬뽕라면', 'firenoodle', 'jjamppong', 'paldojjambbong', 'paldoramen', 'notspicy', 'notspicyenough', 'kore']",[],https://twitter.com/japanesefoodx/status/729181612429217793,False,,1,https://pbs.twimg.com/media/Ch6S0BlWEAAbAxc.jpg,,,,,,,[],,,,
727520671966728192,727518118617063424,2016-05-04 00:30:19 대한민국 표준시,2016-05-04,00:30:19,+0900,1353098797,rururuamong,쪽🍒ちゅー,,@n3n____ 짝짝짝... 팔도 불짬뽕인가 핵짬뽕인가 그것도 맛있어 추천~,ko,[],[],[],1,0,0,[],[],https://twitter.com/rururuamong/status/727520671966728192,False,,0,,,,,,,,[],,,,
727519763782471680,727488845302747136,2016-05-04 00:26:43 대한민국 표준시,2016-05-04,00:26:43,+0900,2427455359,idesa59,랏다,,@HQ_Narae 저도요!!막 교동반점짬뽕?진짬뽕? 요런 매워보이는 컵라면 보면 사먹곸ㅋㅋㅋ오늘도 팔도불짬뽕 컵라면이 있길래 점심ㅇ로 호로록 했습니당,ko,[],[],[],0,0,0,[],[],https://twitter.com/IdesA59/status/727519763782471680,False,,0,,,,,,,,[],,,,
726628752491343873,726628752491343873,2016-05-01 13:26:09 대한민국 표준시,2016-05-01,13:26:09,+0900,3279702164,h_mongsil,엣찌🎗,,팔도 비빔면 vs 불짬뽕,ko,[],[],[],1,0,0,[],[],https://twitter.com/h_mongsil/status/726628752491343873,False,,0,,,,,,,,[],,,,
726505363760025600,726505363760025600,2016-05-01 05:15:51 대한민국 표준시,2016-05-01,05:15:51,+0900,1745548610,_ru_2_,르니,,이원복 셰프의 팔도 불짬뽕을 먹어보자,ko,[],[],[],0,0,0,[],[],https://twitter.com/_Ru_2_/status/726505363760025600,False,,0,,,,,,,,[],,,,
723535017293545473,723535017293545473,2016-04-23 00:32:45 대한민국 표준시,2016-04-23,00:32:45,+0900,109132562,hungryfeline,굶주린고양이,,팔도 불짬뽕+짜장  https://t.co/mB39T0QlBF,ko,[],['https://www.instagram.com/p/BEgffunyMjz/'],[],0,0,0,[],[],https://twitter.com/HungryFeline/status/723535017293545473,False,,0,,,,,,,,[],,,,
723415347030695936,723415347030695936,2016-04-22 16:37:13 대한민국 표준시,2016-04-22,16:37:13,+0900,581739183,paldotweet,팔도,,팔도 깻잎양파 불짬뽕_ 깻잎의 향과 양파의 달달함이 더해진 꿀맛같은 불맛!: 핑크핑크한 자태를 뽐내며 바람에 날리던 벚꽃은 졌지만 나무는 더 푸르른 요즘.푸르른 나무며 풀을 보는데 팔도는 왜 배가 ...  https://t.co/YZRVyGvHEZ,ko,[],['http://bit.ly/1VoWvln'],[],0,0,0,[],[],https://twitter.com/paldotweet/status/723415347030695936,False,,0,,,,,,,,[],,,,
720864447019884544,720864447019884544,2016-04-15 15:40:51 대한민국 표준시,2016-04-15,15:40:51,+0900,581739183,paldotweet,팔도,,"팔도 참치 불짬뽕_ 부드러운 참치와 강렬한 불짬뽕 크로스!: 더 맛있는 시간을 만들기 위해 공부와 연구 등을 게을리하지 않는 팔도!늘 항상 여러분이 뭘 원하는지, 무엇에 주목하는지 귀기울이고 있는데...  https://t.co/pAxhfpDNhs",ko,[],['http://bit.ly/1V5KdOx'],[],0,0,0,[],[],https://twitter.com/paldotweet/status/720864447019884544,False,,0,,,,,,,,[],,,,
718995572040929280,718995572040929280,2016-04-10 11:54:37 대한민국 표준시,2016-04-10,11:54:37,+0900,50716132,fairytalelady,Soo Yun Kim,,"어제는 팔도 불짬뽕, 오늘은 농심 맛짬뽕을 먹어봤는데, 내 입맛에는 팔도가 더 맞음. 팔도 라면이 전반적으로 맛이 진해서 좋음.",ko,[],[],[],1,0,0,[],[],https://twitter.com/fairytalelady/status/718995572040929280,False,,0,,,,,,,,[],,,,
718975300504199168,718974634431873028,2016-04-10 10:34:04 대한민국 표준시,2016-04-10,10:34:04,+0900,2805414294,coldnoodlepower,평양냉맨,,@doyoudo_you 요즘 나오는 짬뽕시리즈 중에선 팔도 불짬뽕이 최곱니다. 전 최고만 취급합니다.,ko,[],[],[],0,0,0,[],[],https://twitter.com/coldnoodlepower/status/718975300504199168,False,,0,,,,,,,,[],,,,
716662156918267905,716660621329051648,2016-04-04 01:22:27 대한민국 표준시,2016-04-04,01:22:27,+0900,2288429809,dynamic_kong,反해버린 니와,,@taemin_Maple 팔도불짬뽕,ko,[],[],[],0,0,0,[],[],https://twitter.com/Dynamic_Kong/status/716662156918267905,False,,0,,,,,,,,[],,,,
716616153062252544,716616153062252544,2016-04-03 22:19:39 대한민국 표준시,2016-04-03,22:19:39,+0900,269285522,xxxxxxx_id,아작,,팔도불짬뽕 맛있어요,ko,[],[],[],0,0,0,[],[],https://twitter.com/xxxxxxx_ID/status/716616153062252544,False,,0,,,,,,,,[],,,,
716530582319009792,716530582319009792,2016-04-03 16:39:37 대한민국 표준시,2016-04-03,16:39:37,+0900,311441539,sikarukun,RENA*/킁킁자,,팔도 불짬뽕이랑 진짬뽕 먹어봤는데 진짬뽕이 맛이 조금더좋네 저녁에 맛짬뽕먹어봐야지,ko,[],[],[],0,0,0,[],[],https://twitter.com/sikarukun/status/716530582319009792,False,,0,,,,,,,,[],,,,
716506817828786176,716503363005747201,2016-04-03 15:05:12 대한민국 표준시,2016-04-03,15:05:12,+0900,2722525650,aqstory,아Q정전,,@rumbleliar 홍석천 해물볶음라면-팔도불짬뽕 최근에 먹어본 것 중 제일 훌륭했음,ko,[],[],[],0,0,0,[],[],https://twitter.com/aqstory/status/716506817828786176,False,,0,,,,,,,,[],,,,
716504418376548352,716503363005747201,2016-04-03 14:55:40 대한민국 표준시,2016-04-03,14:55:40,+0900,2722525650,aqstory,아Q정전,,@rumbleliar 팔도 불짬뽕 진짜 맛있음,ko,[],[],[],0,0,0,[],[],https://twitter.com/aqstory/status/716504418376548352,False,,0,,,,,,,,[],,,,
716110594508607488,716110594508607488,2016-04-02 12:50:45 대한민국 표준시,2016-04-02,12:50:45,+0900,200174567,hoonsungnamzila,리드머 훈성남우탱지라,,"점심은 팔도 불짬뽕. ""진한 사골국물! 불맛을 살린 정통짬뽕!"" - 이연복셰프  https://t.co/g4vkpFA4sS",ko,[],[],['https://pbs.twimg.com/media/CfAiwEpVAAAetw9.jpg'],0,0,0,[],[],https://twitter.com/hoonsungnamzila/status/716110594508607488,False,,1,https://pbs.twimg.com/media/CfAiwEpVAAAetw9.jpg,,,,,,,[],,,,
716095426647097344,716095426647097344,2016-04-02 11:50:28 대한민국 표준시,2016-04-02,11:50:28,+0900,159390942,janghadoc,조 폭,,역시 내입맛엔 팔도 불짬뽕,ko,[],[],[],0,0,0,[],[],https://twitter.com/janghadoc/status/716095426647097344,False,,0,,,,,,,,[],,,,
715140052741787648,715140052741787648,2016-03-30 20:34:09 대한민국 표준시,2016-03-30,20:34:09,+0900,380915848,textpic,쭈누쭈누,,오늘은 팔도불짬짜 먹는 날~~ (팔도 짜장면 + 불짬뽕)  https://t.co/cJtgcnswO4,ko,[],['http://blog.naver.com/textpic/220669815937'],[],0,0,0,[],[],https://twitter.com/textpic/status/715140052741787648,False,,0,,,,,,,,[],,,,
715119002704457729,715119002704457729,2016-03-30 19:10:31 대한민국 표준시,2016-03-30,19:10:31,+0900,581739183,paldotweet,팔도,,"팔도 주꾸미 불짬뽕_ 주꾸미는 봄이 제철, 팔도 불짬뽕은 365일 제철!: 봄이 막 올랑말랑 하더니 이제는 제법 날이 푸근한 요즘.마트에 가서 신나게 카트를 끄는데저 구석 수산 코너에서 누군가 픽미...  https://t.co/0oCBn3c9ZJ",ko,[],['http://bit.ly/230N2l9'],[],0,0,0,[],[],https://twitter.com/paldotweet/status/715119002704457729,False,,0,,,,,,,,[],,,,
713031632299556866,712837221489856512,2016-03-25 00:56:03 대한민국 표준시,2016-03-25,00:56:03,+0900,879009626,libendel,종말 사니와😷,,@j_seyo ㅋㅋㅋㅋㅋㅋㅋ팔도 짜장면도 궁금하네요!!짜왕은 저도 그냥 그랬구!!!맛짬뽕 세요님도 별로였구나. 그걸 제일 먼저 먹었을 땐 뭐 그래 노력했네 ㅇㅇ했는데 불짬뽕 먹으니 전혀 노력도 안했잖아...너구리에 기름으로 얼버무렸어&lt;이거던 ㅋㅋㅋ,ko,[],[],[],0,0,0,[],[],https://twitter.com/libendel/status/713031632299556866,False,,0,,,,,,,,[],,,,
712980236690792448,712837221489856512,2016-03-24 21:31:49 대한민국 표준시,2016-03-24,21:31:49,+0900,207131913,j_seyo,세요🎗,,"@libendel 네야님 기다려욥&gt;_ㅇ 이제 딱 6주 남았는걸!!! 드셔보시고픈 라면 적어주세요..(과자류도)ㅋㅋㅋㅋㅋ개인적으론 짜장면계열은 팔도짜장면&gt;&gt;&gt;&gt;짜왕&gt;&gt;&gt;&gt;&gt;&gt;진짜장, 짬뽕은 진짬뽕&gt;&gt;&gt;&gt;&gt;&gt;팔도불짬뽕&gt;&gt;&gt;&gt;맛짬뽕 이었네요... 헷",ko,[],[],[],1,0,0,[],[],https://twitter.com/j_seyo/status/712980236690792448,False,,0,,,,,,,,[],,,,
712963281023950849,712963281023950849,2016-03-24 20:24:27 대한민국 표준시,2016-03-24,20:24:27,+0900,603824724,disezzang,두영,,팔도 불짬뽕 졸라 맵게 생겻는데 사진 왜케 안빨갛게 나와 ㅠㅠ  https://t.co/2KmWLGCe1H,ko,[],[],['https://pbs.twimg.com/media/CeT0SoDUYAAMjTK.jpg'],1,0,0,[],[],https://twitter.com/disezzang/status/712963281023950849,False,,1,https://pbs.twimg.com/media/CeT0SoDUYAAMjTK.jpg,,,,,,,[],,,,
712860725518209029,712860725518209029,2016-03-24 13:36:55 대한민국 표준시,2016-03-24,13:36:55,+0900,167288411,g_i_m_kim,ㄱㅣㅁ,,진짬뽕보다 팔도 불짬뽕이 맛있다,ko,[],[],[],0,0,0,[],[],https://twitter.com/g_i_m_kim/status/712860725518209029,False,,0,,,,,,,,[],,,,
712837221489856512,712837221489856512,2016-03-24 12:03:32 대한민국 표준시,2016-03-24,12:03:32,+0900,879009626,libendel,종말 사니와😷,,이쪽에 팔도 불짬뽕이랑 농심 맛짬뽕 들어와서 둘 다 먹어봤는데 개인적으론 팔도 쪽이 더 좋았다. 진짬뽕이 제일 궁금한데 아직 안들어옴....,ko,[],[],[],2,0,0,[],[],https://twitter.com/libendel/status/712837221489856512,False,,0,,,,,,,,[],,,,
711892145628585984,711891589493207042,2016-03-21 21:28:08 대한민국 표준시,2016-03-21,21:28:08,+0900,257407913,ryusei518,작살🍴,,@Luminous_Claris 답은 팔도 불짬뽕 With 삼겹살이다  https://t.co/tuKIv2ySzK,ko,[],[],['https://pbs.twimg.com/media/CeEmIRTUIAAdyA0.jpg'],0,0,0,[],[],https://twitter.com/Ryusei518/status/711892145628585984,False,,1,https://pbs.twimg.com/media/CeEmIRTUIAAdyA0.jpg,,,,,,,[],,,,
711876610383740928,711876610383740928,2016-03-21 20:26:24 대한민국 표준시,2016-03-21,20:26:24,+0900,2203438111,iminsharkin,샤킨 ㋣,,팔도 불짬뽕인가 먹을 때 항상 맛이 그냥 CU 속초홍게라면같다고 생각해왔었는데 오늘 먹으려다 문득 생각나서 확인해보니  제조원 : (주) 팔도  ....난감,ko,[],[],[],0,0,0,[],[],https://twitter.com/iminsharkin/status/711876610383740928,False,,0,,,,,,,,[],,,,
710071132188254208,710071132188254208,2016-03-16 20:52:05 대한민국 표준시,2016-03-16,20:52:05,+0900,380915848,textpic,쭈누쭈누,,팔도 불짬뽕 왕컵으로 간편하게 불맛 즐기기~~!!  https://t.co/2cV4UPC6fc,ko,[],['http://blog.naver.com/textpic/220656908135'],[],0,0,0,[],[],https://twitter.com/textpic/status/710071132188254208,False,,0,,,,,,,,[],,,,
709933595003998208,709933595003998208,2016-03-16 11:45:33 대한민국 표준시,2016-03-16,11:45:33,+0900,581739183,paldotweet,팔도,,"팔도 불짬뽕 '불타는 시식단' 3차 우수리뷰 발표: 팔도 불짬뽕 '불타는 시식단'의 3차 미션! &lt;온 몸이 뜨끈해지는 팔도 불짬뽕 국물, 사골육수의 깊은 맛을 전해라~&gt; 인데요. 와.. 어쩜 이렇게...  https://t.co/RZUdAAkjGt",ko,[],['http://bit.ly/1YYdKZo'],[],0,0,0,[],[],https://twitter.com/paldotweet/status/709933595003998208,False,,0,,,,,,,,[],,,,
708871289478381568,708871289478381568,2016-03-13 13:24:20 대한민국 표준시,2016-03-13,13:24:20,+0900,243500152,windsisle,"OH, Kyoung-A",,"오뚜기 스낵면, 팔도 불짬뽕은 먹는데 삼양은 어느 순간부터 선택지에 존재하지 않게 됐다. 마지막으로 먹은 게 나가사키 짬뽕...그 전에는 이름이 뭐였지. 국물없이 비벼먹는 짬뽕이었는데 둘 다 첨엔 맛있다가 어느순간 질린 맛이 돼서.",ko,[],[],[],1,0,0,[],[],https://twitter.com/windsisle/status/708871289478381568,False,,0,,,,,,,,[],,,,
708795901326663681,708786431276163072,2016-03-13 08:24:46 대한민국 표준시,2016-03-13,08:24:46,+0900,2554437066,flyingwkmk_0808,빽꼼☁️🌙,,@SniperNavySEAL 이연복 쉐프님의 팔도 불짬뽕이요,ko,[],[],[],1,0,0,[],[],https://twitter.com/flyingwkmk_0808/status/708795901326663681,False,,0,,,,,,,,[],,,,
708730531983134720,708729606170218496,2016-03-13 04:05:01 대한민국 표준시,2016-03-13,04:05:01,+0900,572215684,whaleblue127,BLUE WHALE,,@10milz ㅋㄲㅋㅋㅋ  맞아요 그그 팔도 불짬뽕도 맛있다는!,ko,[],[],[],0,0,0,[],[],https://twitter.com/whaleblue127/status/708730531983134720,False,,0,,,,,,,,[],,,,
708613898551726080,708613898551726080,2016-03-12 20:21:33 대한민국 표준시,2016-03-12,20:21:33,+0900,614233155,steadyg11,SteadyGrowth,,"유행에 늦는 난 팔도 불짬뽕을 오늘 처음 먹어봤다.   계량컵까지 이용해서 정확히 레시피를 실천한 결과, 팔도 불짬뽕은 불맛이 훌륭한 예상밖의 수작이지만, 너무 매워서 매니아용 라면이 될듯 하다.  나에겐 오뚜기 진짬뽕이 더 나은듯 ^^;",ko,[],[],[],0,0,0,[],[],https://twitter.com/steadyG11/status/708613898551726080,False,,0,,,,,,,,[],,,,
708292197293039617,708292197293039617,2016-03-11 23:03:13 대한민국 표준시,2016-03-11,23:03:13,+0900,1374926978,pretty801221,김지영,,팔도 불짬뽕 !! 진한 사골국물이 일품인 불맛중의불맛 ~~ (출처 : 삐삐양의 .. | 네이버 블로그)  https://t.co/rcwgMbMAyn #팔도불짬뽕 #불짬뽕 #사골육수로만든짬뽕 #이연복셰프짬뽕 #불맛중의불맛,ko,[],['http://me2.do/GPVumgzE'],[],0,0,0,"['팔도불짬뽕', '불짬뽕', '사골육수로만든짬뽕', '이연복셰프짬뽕', '불맛중의불맛']",[],https://twitter.com/pretty801221/status/708292197293039617,False,,0,,,,,,,,[],,,,
708167550144610308,708167550144610308,2016-03-11 14:47:55 대한민국 표준시,2016-03-11,14:47:55,+0900,3911615112,pompmarket,뽐뿌마켓,,"[G마켓] `팔도` 이연복 불짬뽕 16봉(17,900/무료)  https://t.co/ZlWQFF57Rs #뽐뿌",ko,[],['https://pomp.market/pomp/56e25909db172f48333b900a'],[],0,0,0,['뽐뿌'],[],https://twitter.com/pompmarket/status/708167550144610308,False,,0,,,,,,,,[],,,,
707192437593088000,707187298165653504,2016-03-08 22:13:10 대한민국 표준시,2016-03-08,22:13:10,+0900,151092801,dizzyziddy,ㄱㄷㅇ,,잘 먹었다 ㅋㅋ 타코야키볼보다 덜 헤비하고 단순한 맛이라 부담없다. 정말 궁금한 건 굳이 왜 불짬뽕이라 한 건지 ㅋㅋ그리고 팔도랑 콜라보 표시는 아무리 찾아도 없었다 -_- ㅋㅋㅋㅋ  https://t.co/IDlFGR4agD,ko,[],[],['https://pbs.twimg.com/media/CdBzvmAUIAACBck.jpg'],1,0,0,[],[],https://twitter.com/dizzyziddy/status/707192437593088000,False,,1,https://pbs.twimg.com/media/CdBzvmAUIAACBck.jpg,,,,,,,[],,,,
707141130593239040,707141130593239040,2016-03-08 18:49:18 대한민국 표준시,2016-03-08,18:49:18,+0900,66953743,ggool2,韓国B級グルメ,,［韓国コンビニグルメ］ちょっと贅沢なインスタントチャンポン〜팔도 불짬뽕  https://t.co/NlzORhpGUh,ja,[],['https://youtu.be/patDqeDUPIM'],[],1,0,1,[],[],https://twitter.com/ggool2/status/707141130593239040,False,,0,,,,,,,,[],,,,
707081126364319744,707081126364319744,2016-03-08 14:50:52 대한민국 표준시,2016-03-08,14:50:52,+0900,167807245,wns3497s,맥짱,,#팔도 #신제품 #컵라면불짬뽕 #컵라면으로 출시되어 언제 어디서나 맛있는 #불짬뽕 먹을수있어요 좋다  한박스 선물 감사해요 #라면 #라면스타그램 #짬뽕라면 #짬뽕스타그램…  https://t.co/zmvELt8RiJ,ko,[],['https://www.instagram.com/p/BCrlIPzwkp6/'],[],0,0,0,"['팔도', '신제품', '컵라면불짬뽕', '컵라면으로', '불짬뽕', '라면', '라면스타그램', '짬뽕라면', '짬뽕스타그램']",[],https://twitter.com/wns3497s/status/707081126364319744,False,,0,,,,,,,,[],,,,
706733282692476928,706733282692476928,2016-03-07 15:48:39 대한민국 표준시,2016-03-07,15:48:39,+0900,156300930,samibreak,아무말,,파기름 내고 양파 넣고 오징어 넣고 굴 넣고 버섯 넣고 팔도 불짬뽕 끓여 먹었다. 라면 하나 먹겠다고. ㅎㅎ 휴일엔 잘 먹어야지~ 국물이~ 끝내줌 ㅎㅎ  https://t.co/BRvuTIy6DK,ko,[],[],['https://pbs.twimg.com/media/Cc7SKV6UkAAZfHl.jpg'],0,0,0,[],[],https://twitter.com/samibreak/status/706733282692476928,False,,1,https://pbs.twimg.com/media/Cc7SKV6UkAAZfHl.jpg,,,,,,,[],,,,
706710019954253824,706710019954253824,2016-03-07 14:16:13 대한민국 표준시,2016-03-07,14:16:13,+0900,581739183,paldotweet,팔도,,팔도 마스터즈 7기 모집_ 팔도 매니아 모두 모여라!: 비벼 먹는 것 중에 제일 맛있는 건 팔도 비빔면과 팔도 짜장면이라는 당신.주륵주륵 비오는 날에는 불맛 가득 팔도 불짬뽕이 제일 먼저 생각나는 ...  https://t.co/gMmYCCfOpE,ko,[],['http://bit.ly/21UtEFQ'],[],0,0,0,[],[],https://twitter.com/paldotweet/status/706710019954253824,False,,0,,,,,,,,[],,,,
705775095231348736,705775095231348736,2016-03-05 00:21:10 대한민국 표준시,2016-03-05,00:21:10,+0900,829075027,n_evolved_windp,N진화,,팔도 불짬뽕,ko,[],[],[],0,0,0,[],[],https://twitter.com/N_Evolved_Windp/status/705775095231348736,False,,0,,,,,,,,[],,,,
705764742971797506,705764742971797506,2016-03-04 23:40:01 대한민국 표준시,2016-03-04,23:40:01,+0900,2912234508,modoonews,모두의 뉴스,,-40원 받고 팔도 불짬뽕 10개까지 덤으로 받는 법..-  https://t.co/ETn07WbPd8 #모두의뉴스,ko,[],['http://modoonews.com/?article=46418'],[],0,0,0,['모두의뉴스'],[],https://twitter.com/modoonews/status/705764742971797506,False,,0,,,,,,,,[],,,,
705625373841559553,705625373841559553,2016-03-04 14:26:13 대한민국 표준시,2016-03-04,14:26:13,+0900,581739183,paldotweet,팔도,,팔도 불짬뽕 '불타는 시식단' 2차 우수리뷰 발표: 팔도 불짬뽕 '불타는 시식단'의 2차 미션! &lt;30년 전통의 액상소스 노하우! 봉지 레시피대로 끓여보자!&gt; 인데요. 엄청난 팔도 불짬뽕 조리내공을...  https://t.co/E3vhb0pB2c,ko,[],['http://bit.ly/1Y8ACoq'],[],0,1,0,[],[],https://twitter.com/paldotweet/status/705625373841559553,False,,0,,,,,,,,[],,,,
705589622194049024,705589622194049024,2016-03-04 12:04:09 대한민국 표준시,2016-03-04,12:04:09,+0900,108881910,deepp75,쉬엄쉬엄,,"팔도 불짬뽕, 사골육수의 찐함과 불맛이 합쳐졌다!  https://t.co/r9O8dQPS0i",ko,[],['http://deepp.blog.me/220645272846'],[],0,0,0,[],[],https://twitter.com/deepp75/status/705589622194049024,False,,0,,,,,,,,[],,,,
704983568125046784,704983568125046784,2016-03-02 19:55:55 대한민국 표준시,2016-03-02,19:55:55,+0900,4330053800,tutto0821,밤마다 갉갉소리 고통스러,,진짬뽕이 맛있나 팔도불짬뽕이 맛있나 또 있던데 뭐더라  https://t.co/fvcfrgNlUq,ko,[],[],['https://pbs.twimg.com/media/CciazYHUMAAZKlL.jpg'],1,0,0,[],[],https://twitter.com/tutto0821/status/704983568125046784,False,,1,https://pbs.twimg.com/media/CciazYHUMAAZKlL.jpg,,,,,,,[],,,,
704896628411469828,704896628411469828,2016-03-02 14:10:27 대한민국 표준시,2016-03-02,14:10:27,+0900,319715381,tnehdtla,동수짱,,"이번이 마지막, 기회는 한 번 뿐! 팔도 불짬뽕 '불타는 시식단' 4차 大모집 (출처 : 온종일 맛.. | 네이버 블로그)  https://t.co/kVy7deXGEA",ko,[],['http://me2.do/xRtBaOKg'],[],0,0,0,[],[],https://twitter.com/tnehdtla/status/704896628411469828,False,,0,,,,,,,,[],,,,
704866599010852866,704866599010852866,2016-03-02 12:11:07 대한민국 표준시,2016-03-02,12:11:07,+0900,188669910,redmoon615,레드문,,"이번이 마지막, 기회는 한 번 뿐! 팔도 불짬뽕 '불타는 시식단' 4차 大모집 (출처 : 온종일 맛.. | 네이버 블로그)  https://t.co/g4OtGWlBrE",ko,[],['http://me2.do/xRtBaOKg'],[],0,0,0,[],[],https://twitter.com/redmoon615/status/704866599010852866,False,,0,,,,,,,,[],,,,
704672570008694785,704672570008694785,2016-03-01 23:20:07 대한민국 표준시,2016-03-01,23:20:07,+0900,422418529,2dleoo,이두현,,"이번이 마지막, 기회는 한 번 뿐! 팔도 불짬뽕 '불타는 시식단' 4차 大모집 (출처 : 온종일 맛.. | 네이버 블로그)  https://t.co/lFr2AOWT6d",ko,[],['http://me2.do/xRtBaOKg'],[],0,0,0,[],[],https://twitter.com/2dleoo/status/704672570008694785,False,,0,,,,,,,,[],,,,
704533991534174208,704533991534174208,2016-03-01 14:09:27 대한민국 표준시,2016-03-01,14:09:27,+0900,545810821,2ndturning,白夜|2ndT,,아 참고로 개인적으로 짬뽕라면 3순위를 매기자면 팔도불짬뽕-맛짬뽕-공화춘(GS25) 순이다. 물론 나머지가 맛없다는 건 절!대!로! 아니다. 매기자면 저렇게.,ko,[],[],[],0,0,0,[],[],https://twitter.com/2ndTurning/status/704533991534174208,False,,0,,,,,,,,[],,,,
702802061650362368,702802061650362368,2016-02-25 19:27:23 대한민국 표준시,2016-02-25,19:27:23,+0900,581739183,paldotweet,팔도,,"이번이 마지막, 기회는 한 번 뿐! 팔도 불짬뽕 '불타는 시식단' 4차 大모집: ""누군가 짬뽕라면의 미래를 묻거든... 고개를 들어 팔도 불짬뽕을 보게 하라."" ""지금, 불타는 시식단에 도전하는 자...  https://t.co/l6iwsvfTAr",ko,[],['http://bit.ly/1R3DMV4'],[],0,0,0,[],[],https://twitter.com/paldotweet/status/702802061650362368,False,,0,,,,,,,,[],,,,
702801824869253120,702801824869253120,2016-02-25 19:26:27 대한민국 표준시,2016-02-25,19:26:27,+0900,1863761576,jhyunj7000,내사랑들,,"이번이 마지막, 기회는 한 번 뿐! 팔도 불짬뽕 '불타는 시식단' 4차 大모집 (출처 : 온종일 맛.. | 네이버 블로그)  https://t.co/1PWT96SarZ",ko,[],['http://me2.do/5voUGIXy'],[],0,0,0,[],[],https://twitter.com/jhyunj7000/status/702801824869253120,False,,0,,,,,,,,[],,,,
701784790316371969,701784790316371969,2016-02-23 00:05:07 대한민국 표준시,2016-02-23,00:05:07,+0900,212563907,acekingzzang,이프로,,팔도 불짬뽕 맵다고 말한 사람 나와!!! 내가 매운걸 잘 못 먹는편인데.. 근데 이걸 맵다고 하니?? ㅡㅡ 봉지 레시피대로 했는데.. 전혀.. 차라리 불닭볶음면이 맵구만,ko,[],[],[],0,0,0,[],[],https://twitter.com/acekingzzang/status/701784790316371969,False,,0,,,,,,,,[],,,,
701768857518616576,701768857518616576,2016-02-22 23:01:48 대한민국 표준시,2016-02-22,23:01:48,+0900,4281797659,bmwj77,물,,팔도불짬뽕 맛있다 내가 잘 끓여서 그런가흫,ko,[],[],[],1,0,0,[],[],https://twitter.com/bmwj77/status/701768857518616576,False,,0,,,,,,,,[],,,,
701737999944388608,701737999944388608,2016-02-22 20:59:11 대한민국 표준시,2016-02-22,20:59:11,+0900,3152542466,sarang0070,sarangloveyou,,"@dancinghinagma1 @meewithdream  @mimilove111  STUDIO DREAM 식구들하고  간식으로 먹기  갓짬뽕.맛짬뽕,불짬뽕.진짬뽕. 팔도 짜장면, 갓짜장 .뺴뺴로.김.자반김  https://t.co/TeVhYQJYnA",ko,"[{'screen_name': 'mimilove111', 'name': 'mimilove111', 'id': '1139184340976357376'}]",[],"['https://pbs.twimg.com/media/Cb0S8BhVAAEn0jh.jpg', 'https://pbs.twimg.com/media/Cb0S_c9UEAAyjoj.jpg']",1,0,1,[],[],https://twitter.com/sarang0070/status/701737999944388608,False,,1,https://pbs.twimg.com/media/Cb0S8BhVAAEn0jh.jpg,,,,,,,[],,,,
701059640285507585,701059640285507585,2016-02-21 00:03:37 대한민국 표준시,2016-02-21,00:03:37,+0900,4816711814,dudwkboy1,이영환,,[ #Tistory ][팔도 불짬뽕] 대가 이연복 쉐프의 불짬뽕 리뷰!!ㅋㅋㅋㅋㅋㅋ  https://t.co/RaSWxUMDQQ,ko,[],['http://dudwkboy.tistory.com/21'],[],0,0,0,['tistory'],[],https://twitter.com/dudwkboy1/status/701059640285507585,False,,0,,,,,,,,[],,,,
700958190184198144,700958190184198144,2016-02-20 17:20:30 대한민국 표준시,2016-02-20,17:20:30,+0900,521645082,espouir,뿡이,"{'type': 'Point', 'coordinates': [37.5689, 126.977]}",#하루종일 #시체놀이 하다가 이제 막 #불짬뽕 #해장 ^^ #요즘 #가장 #인기 좋다는 #팔도 #불짬뽕 제가 한번 먹어보겠습니다ㅋ #일상 #일상스타그램 #뿡이스타그램…  https://t.co/j5UC0Q9G3t,ko,[],['https://www.instagram.com/p/BCAEvRskE83/'],[],0,0,0,"['하루종일', '시체놀이', '불짬뽕', '해장', '요즘', '가장', '인기', '팔도', '불짬뽕', '일상', '일상스타그램', '뿡이스타그램']",[],https://twitter.com/espouir/status/700958190184198144,False,,0,,,,,,,,[],,,,
700912349947961344,700912349947961344,2016-02-20 14:18:21 대한민국 표준시,2016-02-20,14:18:21,+0900,2953359463,nodudrn,영구읍따,,요즘 유행한다는 짬뽕라면을 사먹어 봤다. 오뚜기 진짬뽕: 고추기름 안 넣으면 진라면 매운맛. 삼양 갓짬뽕: 너무 맵다. 맛을 느낄 수 없을 정도. 팔도 불짬뽕: 이도 저도 아닌 맛. 정체를 모르겠다. 농심 맛짬뽕: 농심 꼴 보기 싫어서 안 사먹음.,ko,[],[],[],3,6,3,[],[],https://twitter.com/nodudrn/status/700912349947961344,False,,0,,,,,,,,[],,,,
700270901275693056,700270901275693056,2016-02-18 19:49:27 대한민국 표준시,2016-02-18,19:49:27,+0900,1114530668,hyunhyun2000,후니 @hyunhyun20000으로 이사함,,연복솊의 팔도 불짬뽕은... 연복솊이 전생의 나라를 구하지 못해서 이번생에 구하려는 노력이 보이는 맛이다... 어메이징그-!(히비키톤),ko,[],[],[],0,0,1,[],[],https://twitter.com/hyunhyun2000/status/700270901275693056,False,,0,,,,,,,,[],,,,
700221530614018048,700221530614018048,2016-02-18 16:33:17 대한민국 표준시,2016-02-18,16:33:17,+0900,581739183,paldotweet,팔도,,"아직도 망설이나요? 망설이지 말고, 도전! 팔도 불짬뽕 '불타는 시식단' 3차 大모집: ""누군가 짬뽕라면의 미래를 묻거든...고개를 들어 팔도 불짬뽕을 보게 하라."" ""지금, 불타는 시식단에 도전하...  https://t.co/j2CbE3qAEz",ko,[],['http://bit.ly/1SAsTA4'],[],0,0,0,[],[],https://twitter.com/paldotweet/status/700221530614018048,False,,0,,,,,,,,[],,,,
700201364308127744,700201364308127744,2016-02-18 15:13:09 대한민국 표준시,2016-02-18,15:13:09,+0900,581739183,paldotweet,팔도,,"팔도 불짬뽕 '불타는 시식단' 2차 시식단 발표: ""더 맛있게 즐기는, 팔도 불짬뽕"" &lt;안 그래도 맛있는데, 더 맛있게 먹는 방법? 지금 바로 알려주지!&gt; 30년 전통의 액상소스 노하우가 듬뿍!팔도...  https://t.co/oBqQeg0P3s",ko,[],['http://bit.ly/1oslpCT'],[],0,0,0,[],[],https://twitter.com/paldotweet/status/700201364308127744,False,,0,,,,,,,,[],,,,
699652232115912705,699652232115912705,2016-02-17 02:51:05 대한민국 표준시,2016-02-17,02:51:05,+0900,1909925972,akfn0316,김윤경,,팔도 불짬뽕 '불타는 시식단' 2차 大모집 (출처 : 온종일 맛.. | 네이버 블로그)  https://t.co/wIzcQ4Cx3S,ko,[],['http://me2.do/5TI66aNE'],[],0,0,0,[],[],https://twitter.com/akfn0316/status/699652232115912705,False,,0,,,,,,,,[],,,,
699573124719751168,699572487915380736,2016-02-16 21:36:45 대한민국 표준시,2016-02-16,21:36:45,+0900,1368489997,schaffein,ほむほむ(?),,@DarkerYue 팔도 불짬뽕은 많이 아쉽더라구요...,ko,[],[],[],1,0,0,[],[],https://twitter.com/schaffein/status/699573124719751168,False,,0,,,,,,,,[],,,,
699460318800445442,699460318800445442,2016-02-16 14:08:30 대한민국 표준시,2016-02-16,14:08:30,+0900,449889681,fr3edom_,Fr3edom,,팔도불짬뽕 진짜 맛있다. 짬뽕라면 다 한번씩 먹어봤는데 이게 갑이다,ko,[],[],[],0,0,0,[],[],https://twitter.com/Fr3edom_/status/699460318800445442,False,,0,,,,,,,,[],,,,
699437614860898304,699437614860898304,2016-02-16 12:38:16 대한민국 표준시,2016-02-16,12:38:16,+0900,4537370174,_jinwoopum,품,,팔도 불짬뽕먹을까 팔도 짜장면 먹을꽈,ko,[],[],[],0,0,0,[],[],https://twitter.com/_jinwoopum/status/699437614860898304,False,,0,,,,,,,,[],,,,
697678484387155969,697678484387155969,2016-02-11 16:08:07 대한민국 표준시,2016-02-11,16:08:07,+0900,581739183,paldotweet,팔도,,"팔도 불짬뽕 '불타는 시식단' 1차 시식단 발표: ""지금, 불타는 시식단에 도전하는 자! 불맛을 경험할지니!"" &lt;가장 짬뽕에 가까운 짬뽕라면, 팔도 불짬뽕&gt;팔도 불짬뽕의 불맛을 가장 리얼하게 느낄 ...  https://t.co/j2n1gzVqBS",ko,[],['http://bit.ly/1o0WghN'],[],0,0,0,[],[],https://twitter.com/paldotweet/status/697678484387155969,False,,0,,,,,,,,[],,,,
697672987361685504,697672987361685504,2016-02-11 15:46:16 대한민국 표준시,2016-02-11,15:46:16,+0900,3313408345,eamji010,화과의 다이어트 일지,,"2016년 2월 10일 아침 : 팔도 불짬뽕 간식 : 단팥빵, 아메리카노 점저 : 김치찜, 돼지두루치기, 밥",ko,[],[],[],0,0,0,[],[],https://twitter.com/eamji010/status/697672987361685504,False,,0,,,,,,,,[],,,,
697601247889608704,697601247889608704,2016-02-11 11:01:12 대한민국 표준시,2016-02-11,11:01:12,+0900,1926732242,yellow_mint,mottled,,팔도 불짬뽕 레알 스모크향 난다ㅋㅋㅋㅋㅋ 느타리 넣어서 먹으니까 존맛ㅇㅁㅇb,ko,[],[],[],0,0,0,[],[],https://twitter.com/yellow_mint/status/697601247889608704,False,,0,,,,,,,,[],,,,
696650777952067584,696650777952067584,2016-02-08 20:04:23 대한민국 표준시,2016-02-08,20:04:23,+0900,303954611,dreamer_pak,dreamer77,,[ #Tistory ]설날에 팔도 불짬뽕이라니...  https://t.co/lkbTa0WvEh,ko,[],['http://danbiro.tistory.com/169'],[],0,0,0,['tistory'],[],https://twitter.com/dreamer_pak/status/696650777952067584,False,,0,,,,,,,,[],,,,
696384516454154240,696381498564284416,2016-02-08 02:26:21 대한민국 표준시,2016-02-08,02:26:21,+0900,257407913,ryusei518,작살🍴,,@_seidnx 팔도불짬뽕으로 갈아 탔다고 합니다. 물론 먹을땐 이걸 넣어서.  https://t.co/XPE0YcBf7h,ko,[],[],"['https://pbs.twimg.com/media/CaoN8uiUAAAiRWb.jpg', 'https://pbs.twimg.com/media/CaoN_DSUsAAVU8g.jpg', 'https://pbs.twimg.com/media/CaoOBlqUMAENGMZ.jpg']",0,0,0,[],[],https://twitter.com/Ryusei518/status/696384516454154240,False,,1,https://pbs.twimg.com/media/CaoN8uiUAAAiRWb.jpg,,,,,,,[],,,,
696220160340987904,696220160340987904,2016-02-07 15:33:16 대한민국 표준시,2016-02-07,15:33:16,+0900,19747886,ebenezel,Alexander Park,,팔도짜장 + 불짬뽕 불맛 오일소스..   역대급 맛을 내주는듯^^  저번에 불짬뽕 끓여 먹으면서 들어 있던 오일 소스를 깜박 안넣고 남겨뒀던걸 혹시나 싶어 넣어봤는데 오호 이런 맛이라니  1.팔도 짜장의...  https://t.co/bndtuHWIk5,ko,[],['http://fb.me/7IFrra4bD'],[],0,0,0,[],[],https://twitter.com/Ebenezel/status/696220160340987904,False,,0,,,,,,,,[],,,,
695979594474606592,695979594474606592,2016-02-06 23:37:20 대한민국 표준시,2016-02-06,23:37:20,+0900,422418529,2dleoo,이두현,,팔도 불짬뽕 불타는 시식단 大 모집 (출처 : 온종일 맛.. | 네이버 블로그)  https://t.co/SSCf6NJ5VH,ko,[],['http://me2.do/5votSoXe'],[],0,0,0,[],[],https://twitter.com/2dleoo/status/695979594474606592,False,,0,,,,,,,,[],,,,
695979464346316801,695979464346316801,2016-02-06 23:36:49 대한민국 표준시,2016-02-06,23:36:49,+0900,237557224,xeno_pluxus,대체어디문제인지모르는사람,,요샌 맨날 팔도짜장면하고 불짬뽕만사와 ㅂㄷ,ko,[],[],[],0,0,0,[],[],https://twitter.com/XenO_PluXus/status/695979464346316801,False,,0,,,,,,,,[],,,,
695935605918687232,695935605918687232,2016-02-06 20:42:32 대한민국 표준시,2016-02-06,20:42:32,+0900,4258386852,yaowifey_lattea,종라티(계이),,이연복 탕수육 이연복 칠리새우 이연복 불짬뽕 이연복 팔도짜장 이었음ㅁ 완ㄴ전 코스...ㅋㅋㅋㅋㅋ,ko,[],[],[],0,0,0,[],[],https://twitter.com/YaoWifey_Lattea/status/695935605918687232,False,,0,,,,,,,,[],,,,
695927349083176961,695927349083176961,2016-02-06 20:09:44 대한민국 표준시,2016-02-06,20:09:44,+0900,241077882,sksys4256,이충우 [송영삼],,팔도 불짬뽕 불타는 시식단 大 모집 (출처 : 온종일 맛.. | 네이버 블로그)  https://t.co/TBXQlJmlJX,ko,[],['http://me2.do/5votSoXe'],[],0,0,0,[],[],https://twitter.com/sksys4256/status/695927349083176961,False,,0,,,,,,,,[],,,,
695644293986275328,695644293986275328,2016-02-06 01:24:58 대한민국 표준시,2016-02-06,01:24:58,+0900,197027530,keh4415,Ben,,불향을 제대로 담았다!! '팔도 불짬뽕'  https://t.co/acZ9eJuDac,ko,[],['http://blog.naver.com/rashar/220619889969'],[],0,0,0,[],[],https://twitter.com/keh4415/status/695644293986275328,False,,0,,,,,,,,[],,,,
695531949805338624,695479738622570496,2016-02-05 17:58:33 대한민국 표준시,2016-02-05,17:58:33,+0900,3280498742,lleyton_chobo,(양도중)레이튼쌩초보봇,,@Five_blade_b 불짬뽕 팔도짜장면,ko,[],[],[],1,0,0,[],[],https://twitter.com/lleyton_chobo/status/695531949805338624,False,,0,,,,,,,,[],,,,
695268046487719936,695268046487719936,2016-02-05 00:29:54 대한민국 표준시,2016-02-05,00:29:54,+0900,243500152,windsisle,"OH, Kyoung-A",,짬뽕은 팔도불짬뽕. 진짬뽕맛짬뽕 다 치워주세요.,ko,[],[],[],1,2,0,[],[],https://twitter.com/windsisle/status/695268046487719936,False,,0,,,,,,,,[],,,,
692277540266885120,692274632070713344,2016-01-27 18:26:42 대한민국 표준시,2016-01-27,18:26:42,+0900,585216662,lipguin,보로보립스,,@reichsritter 팔도 불짬뽕 먹어봤어요!! 나름 먹을만하ㅗㅆ던...? 기억이었던거같아요 지금먹는거 갓짬뽕인데 너무 매워서(....,ko,[],[],[],0,0,0,[],[],https://twitter.com/lipguin/status/692277540266885120,False,,0,,,,,,,,[],,,,
692214240778850304,692214240778850304,2016-01-27 14:15:10 대한민국 표준시,2016-01-27,14:15:10,+0900,1210553234,jrs0114,제레시나 네같살,,팔도 불짬뽕 너무 맛있다 맨날 이것만 먹고싶다,ko,[],[],[],0,0,0,[],[],https://twitter.com/jrs0114/status/692214240778850304,False,,0,,,,,,,,[],,,,
690929357930430466,690929357930430466,2016-01-24 01:09:30 대한민국 표준시,2016-01-24,01:09:30,+0900,193947563,hellokimsimin,Free_Soul,,"#팔도 #불짬뽕 #짬뽕 #야식 #먹부림 #먹방 #먹스타 #먹스타그램 #맛스타 #맛스타그램 #koreanfood  중화요리의 대가 이연복 셰프의 ""팔도 불짬뽕"" 국물 맛…  https://t.co/oSSrWGwfmp",ko,[],['https://www.instagram.com/p/BA40J2jBqJo/'],[],0,0,0,"['팔도', '불짬뽕', '짬뽕', '야식', '먹부림', '먹방', '먹스타', '먹스타그램', '맛스타', '맛스타그램', 'koreanfood']",[],https://twitter.com/hellokimsimin/status/690929357930430466,False,,0,,,,,,,,[],,,,
690866927837646848,690821436731064320,2016-01-23 21:01:25 대한민국 표준시,2016-01-23,21:01:25,+0900,887073864,yotsuarang,Flower Movement 🎗🍻,,@_dEjaVu2u 농심 맛짬뽕 또는 팔도 불짬뽕 권합니다. 저는 진짬이 젤 별로였는데 다 드셔보셨는데도 진짬이시면 그게 입맛에 맞으시는 걸로 ㅎㅎ,ko,[],[],[],0,0,0,[],[],https://twitter.com/yotsuarang/status/690866927837646848,False,,0,,,,,,,,[],,,,
690817131076681728,690815609555169281,2016-01-23 17:43:33 대한민국 표준시,2016-01-23,17:43:33,+0900,2917547744,kamille_68,kamille / 강미윤,,@numetal765 팔도 불짬뽕도 드셔보세요..진짬뽕은 안먹어봐서 모르겠는데 불짬뽕은 중화요리 특유의 불향이 나는게 정말 신기해요,ko,[],[],[],0,0,0,[],[],https://twitter.com/kamille_68/status/690817131076681728,False,,0,,,,,,,,[],,,,
690209203751759872,690188131044200448,2016-01-22 01:27:52 대한민국 표준시,2016-01-22,01:27:52,+0900,2276046168,hl4pks,라포엠바라기,,"@bitsend 다 먹어봤는데 제 입맛엔 팔도 불짬뽕이 젤 맛있었어요 블짬뽕이라 매울꺼라 생각했는데, 불맛이 나서 불짬뽕이더라구요 ^^",ko,[],[],[],0,0,0,[],[],https://twitter.com/hl4pks/status/690209203751759872,False,,0,,,,,,,,[],,,,
690151076893474816,690145116527448064,2016-01-21 21:36:53 대한민국 표준시,2016-01-21,21:36:53,+0900,172625968,kaitein,TEIN,,@msnyang 팔도 불짬뽕,ko,[],[],[],1,0,0,[],[],https://twitter.com/KAITEIN/status/690151076893474816,False,,0,,,,,,,,[],,,,
690107045899603969,690107045899603969,2016-01-21 18:41:55 대한민국 표준시,2016-01-21,18:41:55,+0900,202432950,starnoasami,Sumito,,팔도 불짬뽕 광고는 화려한데 실상은 별 거 없다.,ko,[],[],[],1,0,0,[],[],https://twitter.com/StarnoAsami/status/690107045899603969,False,,0,,,,,,,,[],,,,
688383311274577922,688382412896653312,2016-01-17 00:32:25 대한민국 표준시,2016-01-17,00:32:25,+0900,161583368,wisp_l,HXYS ⬅️⬇️⬆️➡️,,@The_NieVe 저도 팔도불짬뽕이 제일 나은거같네요 ㄹ,ko,[],[],[],0,0,0,[],[],https://twitter.com/Wisp_L/status/688383311274577922,False,,0,,,,,,,,[],,,,
688227931974283264,688225755944189953,2016-01-16 14:15:00 대한민국 표준시,2016-01-16,14:15:00,+0900,201165955,da_ru24,따룻쥐,,@yongsamzz 혹시 없으면 진짬뽕도 괜찮아요 맛짬뽕이랑 진짬뽕은 해물베이스고 팔도 불짬뽕은 사골 베이스예요! 그리고 갓짬뽕은 비추8▽8 맛짬뽕은 면빨이 특이해요(붕붕,ko,[],[],[],0,0,1,[],[],https://twitter.com/DA_ru24/status/688227931974283264,False,,0,,,,,,,,[],,,,
688063644848881664,688063644848881664,2016-01-16 03:22:11 대한민국 표준시,2016-01-16,03:22:11,+0900,1652711054,asdfdfjk,루,,"다시 한번 먹는다면 불짬뽕, 가끔은 맛짬뽕. 팔도 불짬뽕은 좀 리얼한 짬뽕 먹고 싶을 때, 농심 맛짬뽕은 괜찮은 면을 먹고 싶을 때 선택할 듯.",ko,[],[],[],1,0,0,[],[],https://twitter.com/asdfdfjk/status/688063644848881664,False,,0,,,,,,,,[],,,,
688017610299043840,688017610299043840,2016-01-16 00:19:15 대한민국 표준시,2016-01-16,00:19:15,+0900,1026910580,sweetcountry7,sweethoney,,비싼 맛짬뽕 갓짬뽕 진짬뽕 불짬뽕 보단 팔도 일품 해물라면 한개가 더 맛있음 그건 사실이다,ko,[],[],[],0,0,0,[],[],https://twitter.com/sweetcountry7/status/688017610299043840,False,,0,,,,,,,,[],,,,
687984641475645440,687984641475645440,2016-01-15 22:08:15 대한민국 표준시,2016-01-15,22:08:15,+0900,344510668,4thdimensiont,스트레스+니코틴+당+카페인=타마,,이건 팔도 불짬뽕ㅋㅋㅋ  https://t.co/nNbEhyCFp2,ko,[],[],['https://pbs.twimg.com/media/CYw2T9bU0AIrMgC.jpg'],0,0,0,[],[],https://twitter.com/4thDimensionT/status/687984641475645440,False,,1,https://pbs.twimg.com/media/CYw2T9bU0AIrMgC.jpg,,,,,,,[],,,,
685487748304605190,685487748304605190,2016-01-09 00:46:29 대한민국 표준시,2016-01-09,00:46:29,+0900,172625968,kaitein,TEIN,,팔도짜장면 팔도불짬뽕 2016년 상반기 라면 원탑급인듯. 아 먹고싶다,ko,[],[],[],0,0,0,[],[],https://twitter.com/KAITEIN/status/685487748304605190,False,,0,,,,,,,,[],,,,
685416145386487809,685412116224839680,2016-01-08 20:01:58 대한민국 표준시,2016-01-08,20:01:58,+0900,129757986,orihara_kouhei,折原浩平,,결과물. 팔도 불짬뽕 이연복 레시피에 양배추랑 새송이버섯이 추가 되면서 고추가루랑 고추기름 좀 넣고 그냥 마늘이 없어서 다진마늘로 대체한 어레인지  https://t.co/dv2m1YuUvt,ko,[],[],['https://pbs.twimg.com/media/CYMWWeiUMAAnBLo.jpg'],0,0,0,[],[],https://twitter.com/Orihara_Kouhei/status/685416145386487809,False,,1,https://pbs.twimg.com/media/CYMWWeiUMAAnBLo.jpg,,,,,,,[],,,,
684631594192093184,684625752923320320,2016-01-06 16:04:26 대한민국 표준시,2016-01-06,16:04:26,+0900,887073864,yotsuarang,Flower Movement 🎗🍻,,@Mighty_Midory 농심 맛짬뽕이나 팔도 불짬뽕 드셔보세요. 확실히 다릅니다.,ko,[],[],[],1,0,0,[],[],https://twitter.com/yotsuarang/status/684631594192093184,False,,0,,,,,,,,[],,,,
684586341540040704,684586341540040704,2016-01-06 13:04:37 대한민국 표준시,2016-01-06,13:04:37,+0900,196953283,9960002,your best.S.,,봉지 짬뽕4대 천왕 중 팔도 불짬뽕이 1위를 했네요^^(이 잡지의 에디터들이 뽑은 것으로는) 저도 1위 주고 싶습니다^^ 불짬뽕이 젤 맛있더라구요!  https://t.co/kMy22IFP7E,ko,[],[],['https://pbs.twimg.com/media/CYAjoQmUsAMZFW9.jpg'],0,7,4,[],[],https://twitter.com/9960002/status/684586341540040704,False,,1,https://pbs.twimg.com/media/CYAjoQmUsAMZFW9.jpg,,,,,,,[],,,,
683405255204159490,683405255204159490,2016-01-03 06:51:24 대한민국 표준시,2016-01-03,06:51:24,+0900,545810821,2ndturning,白夜|2ndT,,"짬뽕대전(?) 리뷰 중에 팔도불짬뽕의 단점으로 면발을 꼽길래, 맛짬뽕의 사리로 끓였더니 기대 이상의 맛이 나왔다. 덩그러니 남겨진 나머지는... 언젠가는 먹겠지.(시선회피)",ko,[],[],[],1,0,0,[],[],https://twitter.com/2ndTurning/status/683405255204159490,False,,0,,,,,,,,[],,,,
683346845381230592,683346845381230592,2016-01-03 02:59:18 대한민국 표준시,2016-01-03,02:59:18,+0900,625555493,toexcellence,공손앙,,"내일 집에서 미역국, (팔도) 불짬뽕, 연어샐러드까지 다 먹고 나설 것이다! 비빔국수도 먹고싶었지만... 점심까지만 먹고 나가야 하니까 패스😭",ko,[],[],[],1,0,0,[],[],https://twitter.com/toexcellence/status/683346845381230592,False,,0,,,,,,,,[],,,,
683304409107828736,683295017268453376,2016-01-03 00:10:40 대한민국 표준시,2016-01-03,00:10:40,+0900,501542958,9788959195596,𝙔𝙪𝙯𝙪𝙏𝙤𝙢𝙖,,@ssol5501ssol ㅜㅜㅋㅋㅋㅋ 다음에 국물로 드셔보시고 혹시 더 매콤한걸 원하시면 팔도 불짬뽕 추천드립니다 ㅋㅋㅋ,ko,[],[],[],0,0,0,[],[],https://twitter.com/9788959195596/status/683304409107828736,False,,0,,,,,,,,[],,,,
683175818902769664,683175818902769664,2016-01-02 15:39:42 대한민국 표준시,2016-01-02,15:39:42,+0900,100946616,theduckbomb,Albis,,팔도 불짬뽕 처음 끓여보는데 신기하다,ko,[],[],[],0,0,0,[],[],https://twitter.com/TheDuckBomb/status/683175818902769664,False,,0,,,,,,,,[],,,,
683158571375132672,683158571375132672,2016-01-02 14:31:10 대한민국 표준시,2016-01-02,14:31:10,+0900,614233155,steadyg11,SteadyGrowth,,오뚜기 진짬뽕을 사먹어봤다. 와우!!! 왠만한 동네 중국집 짬뽕보다 더 나음!!! ^0^  다음번엔 팔도 불짬뽕을 먹어봐야지 ^^ #오뚜기_진짬뽕 밥까지 말아서 후루룩!!! ^^,ko,[],[],[],0,0,0,['오뚜기_진짬뽕'],[],https://twitter.com/steadyG11/status/683158571375132672,False,,0,,,,,,,,[],,,,
683148582044618752,683146483592347650,2016-01-02 13:51:28 대한민국 표준시,2016-01-02,13:51:28,+0900,3221420676,hh_nojob,슈퍼스타⭐️실업자,,@qkrtjdgh0915 전 팔도 불짬뽕이 개인적으로 제일 좋습니다,ko,[],[],[],0,0,0,[],[],https://twitter.com/HH_NoJOB/status/683148582044618752,False,,0,,,,,,,,[],,,,
